OrderID,ProductID,ForecastDemand,DeliveryDelayDays,PlannedTransportCost,ActualTransportCost,OnTimeDeliveryFlag
O-1000,P-1,98,3,2190.7,1831.24,0
O-1001,P-4,66,1,3291.88,3937.12,0
O-1002,P-4,116,1,2274.95,2116.8,0
O-1003,P-2,208,3,2980.41,3049.59,0
O-1004,P-3,148,0,4373.79,5245.61,1
O-1005,P-4,133,-1,2917.05,2657.02,1
O-1006,P-1,103,0,2019.47,2602.61,1
O-1007,P-2,147,3,2116.86,3010.51,0
O-1008,P-1,103,3,7573.48,8206.38,0
O-1009,P-1,83,3,2043.15,2604.91,0
O-1010,P-4,158,0,2581.58,2728.16,1
O-1011,P-1,28,2,4775.77,5587.5,0
O-1012,P-2,117,-1,4273.84,5251.8,1
O-1013,P-1,108,3,7764.67,7384.84,0
O-1014,P-2,115,3,3225.56,3799.85,0
O-1015,P-1,99,3,7599.56,8420.86,0
O-1016,P-1,155,3,3690.54,3506.48,0
O-1017,P-1,116,0,2969.49,3132.24,1
O-1018,P-2,209,1,6001.6,6032.12,0
O-1019,P-2,155,1,4295.25,3853.34,0
O-1020,P-2,115,1,6077.11,6842.6,0
O-1021,P-3,155,1,2010.15,2898.51,0
O-1022,P-1,70,3,4522.68,5433.23,0
O-1023,P-3,146,2,3702.72,4198.5,0
O-1024,P-1,32,2,4966.26,4832.24,0
O-1025,P-4,193,3,5675.91,6254.82,0
O-1026,P-3,170,2,3406.96,3410.73,0
O-1027,P-1,193,-1,6997.35,7081.57,1
O-1028,P-4,157,2,4016.78,4535.49,0
O-1029,P-1,125,1,3269.96,3260.23,0
O-1030,P-1,84,0,7035.37,7467.37,1
O-1031,P-3,108,-1,5454.78,6316.82,1
O-1032,P-1,91,3,7097.45,7830.95,0
O-1033,P-3,144,0,3673.57,3849.77,1
O-1034,P-2,116,3,5099.76,4886.34,0
O-1035,P-4,192,0,5983.76,6037.29,1
O-1036,P-3,160,3,3298.31,3524.61,0
O-1037,P-3,98,1,2615.53,2133.93,0
O-1038,P-4,130,-1,2895.19,3239.45,1
O-1039,P-2,76,1,7685.54,7497.22,0
O-1040,P-1,118,1,2427.08,2277.22,0
O-1041,P-2,146,3,2746.12,3279.14,0
O-1042,P-4,77,3,5457.48,6102.14,0
O-1043,P-4,83,-1,3978.82,4519.33,1
O-1044,P-1,123,3,5752.45,6392.44,0
O-1045,P-1,88,3,3348.2,4110.31,0
O-1046,P-3,73,0,3143.66,3542.73,1
O-1047,P-3,117,1,7597.11,8401.51,0
O-1048,P-4,166,3,7245.14,7405.6,0
O-1049,P-3,88,2,7234.3,6788.15,0
O-1050,P-4,115,-1,3946.25,3530.43,1
O-1051,P-2,128,2,4766.9,4647.87,0
O-1052,P-3,111,2,4288.19,4326.63,0
O-1053,P-1,76,0,6066.59,6647.98,1
O-1054,P-3,150,0,2792.96,3102.07,1
O-1055,P-4,127,0,7803.62,8510.5,1
O-1056,P-3,57,-1,7491.54,7323.59,1
O-1057,P-1,201,0,4721.86,5227.59,1
O-1058,P-4,164,0,2596.13,3124.65,1
O-1059,P-4,76,0,2411.66,3059.4,1
O-1060,P-3,176,0,4149.45,4832.1,1
O-1061,P-1,56,-1,5023.03,5941.15,1
O-1062,P-4,106,-1,5649.78,5248.3,1
O-1063,P-3,138,0,4709.33,4552.07,1
O-1064,P-3,71,-1,2579.39,3187.58,1
O-1065,P-4,43,3,5940.42,5776.79,0
O-1066,P-1,121,1,3088.43,2803.31,0
O-1067,P-4,72,3,2933.48,3565.13,0
O-1068,P-3,94,3,2272.5,2365.4,0
O-1069,P-3,135,0,4281.24,4836.75,1
O-1070,P-1,151,2,2691.04,2222.32,0
O-1071,P-2,90,0,6674.71,6289.28,1
O-1072,P-2,180,3,3062.88,3722.15,0
O-1073,P-3,147,1,4111.65,3722.94,0
O-1074,P-1,116,1,7746.33,7922.11,0
O-1075,P-4,167,1,2395.47,2037.23,0
O-1076,P-2,179,1,6879.11,7384.28,0
O-1077,P-2,163,-1,7066.57,6718.28,1
O-1078,P-2,194,2,3404.02,3262.77,0
O-1079,P-4,35,-1,7244.7,7576.51,1
O-1080,P-2,49,2,5012.04,4865.71,0
O-1081,P-2,104,2,7435.14,6963.65,0
O-1082,P-3,193,2,7020.13,7269.87,0
O-1083,P-1,187,3,7720.42,8036.54,0
O-1084,P-3,115,-1,2800.46,2828.91,1
O-1085,P-1,192,-1,7600.23,7873.31,1
O-1086,P-1,187,2,7842.34,8086.64,0
O-1087,P-2,172,1,2999.87,3165.73,0
O-1088,P-1,146,-1,7092.02,7609.15,1
O-1089,P-1,111,3,4388.2,4862.54,0
O-1090,P-3,173,-1,7116.96,7295.02,1
O-1091,P-3,182,-1,6752.39,6607.49,1
O-1092,P-2,110,3,6940.04,6550.67,0
O-1093,P-2,108,1,3935.96,4499.96,0
O-1094,P-2,74,0,7055.18,7400.61,1
O-1095,P-4,60,0,3784.6,3394.06,1
O-1096,P-3,131,3,3450.43,3134.21,0
O-1097,P-4,143,0,4989.59,5261.68,1
O-1098,P-2,99,2,7083.03,7229.42,0
O-1099,P-2,153,3,2771.98,2417.0,0
O-1100,P-1,109,3,5637.56,5910.82,0
O-1101,P-4,187,2,5581.46,5479.76,0
O-1102,P-4,168,0,4646.23,4774.4,1
O-1103,P-1,189,2,4757.98,5057.67,0
O-1104,P-2,124,2,4092.82,4993.37,0
O-1105,P-3,157,1,6484.03,6305.01,0
O-1106,P-2,214,1,6087.15,5793.35,0
O-1107,P-3,75,0,7479.38,7241.98,1
O-1108,P-1,140,2,3637.02,4350.24,0
O-1109,P-3,40,2,4405.0,4048.08,0
O-1110,P-3,107,0,6006.72,6204.81,1
O-1111,P-3,194,2,6211.64,7080.84,0
O-1112,P-3,74,3,3968.71,4249.22,0
O-1113,P-1,16,3,6339.68,6433.6,0
O-1114,P-1,165,0,4246.77,5083.77,1
O-1115,P-2,163,2,6940.16,6811.43,0
O-1116,P-1,70,2,6443.25,6546.65,0
O-1117,P-3,79,0,3803.01,3394.45,1
O-1118,P-4,68,0,3445.81,3283.83,1
O-1119,P-2,74,1,2309.22,2374.97,0
O-1120,P-3,127,2,4379.79,4238.79,0
O-1121,P-4,116,1,5375.15,5207.06,0
O-1122,P-2,136,1,4764.97,5364.13,0
O-1123,P-1,174,0,6243.02,5756.73,1
O-1124,P-4,84,3,2642.1,2286.57,0
O-1125,P-4,50,0,6104.25,6876.05,1
O-1126,P-2,209,-1,3378.6,4230.51,1
O-1127,P-1,150,2,2974.7,2835.41,0
O-1128,P-1,155,1,2177.75,2087.74,0
O-1129,P-4,114,1,6270.06,6720.91,0
O-1130,P-3,79,3,2157.57,2188.44,0
O-1131,P-1,127,1,2875.61,2626.42,0
O-1132,P-4,100,2,6824.46,6818.77,0
O-1133,P-2,121,2,4256.33,4981.07,0
O-1134,P-4,154,2,3452.13,3940.12,0
O-1135,P-4,112,0,5379.32,5846.87,1
O-1136,P-2,135,3,7986.22,8210.38,0
O-1137,P-2,58,1,2268.1,2834.27,0
O-1138,P-2,45,0,5842.87,5991.07,1
O-1139,P-2,167,1,2683.73,3189.78,0
O-1140,P-3,76,3,3879.11,3736.97,0
O-1141,P-4,176,3,3733.01,3513.66,0
O-1142,P-4,81,2,5392.39,6086.21,0
O-1143,P-4,45,-1,5278.12,6262.78,1
O-1144,P-1,105,1,5696.91,6374.18,0
O-1145,P-3,107,1,3498.06,4065.15,0
O-1146,P-1,73,2,7213.45,7984.2,0
O-1147,P-4,146,1,5396.85,5624.86,0
O-1148,P-2,40,1,2560.04,2600.69,0
O-1149,P-2,185,-1,5562.08,5841.25,1
O-1150,P-2,122,-1,4205.37,4154.25,1
O-1151,P-2,55,2,2520.13,2170.83,0
O-1152,P-3,33,0,6487.06,6430.37,1
O-1153,P-1,22,1,7726.72,8382.27,0
O-1154,P-4,93,3,2501.58,2120.11,0
O-1155,P-2,105,3,5996.48,6483.56,0
O-1156,P-3,68,-1,6842.65,6750.62,1
O-1157,P-1,39,3,6444.68,5948.53,0
O-1158,P-1,30,1,2716.41,3226.4,0
O-1159,P-3,99,1,5382.84,5338.7,0
O-1160,P-2,110,1,2008.77,2494.73,0
O-1161,P-2,121,1,5484.62,5742.76,0
O-1162,P-3,42,1,3401.67,4317.0,0
O-1163,P-1,29,-1,2945.69,3474.77,1
O-1164,P-1,105,3,4772.26,5478.11,0
O-1165,P-3,104,2,7430.47,8174.5,0
O-1166,P-4,96,1,3649.89,3818.91,0
O-1167,P-4,42,0,5784.53,6487.78,1
O-1168,P-3,68,0,7374.59,8042.4,1
O-1169,P-2,153,0,3419.31,3396.32,1
O-1170,P-4,106,0,2119.57,2336.55,1
O-1171,P-3,122,-1,7763.35,7823.74,1
O-1172,P-4,151,1,4270.3,4871.29,0
O-1173,P-1,148,2,6472.06,6329.05,0
O-1174,P-2,71,-1,4629.32,4758.8,1
O-1175,P-2,146,1,2445.2,2200.36,0
O-1176,P-4,123,-1,3986.57,4948.17,1
O-1177,P-4,149,-1,6943.38,7381.02,1
O-1178,P-4,125,-1,3109.29,3937.53,1
O-1179,P-3,195,3,5321.61,6082.81,0
O-1180,P-3,58,3,7695.53,7869.09,0
O-1181,P-2,54,3,7139.75,7419.28,0
O-1182,P-1,95,1,5432.14,5641.71,0
O-1183,P-3,85,1,3682.08,3919.51,0
O-1184,P-4,132,3,5091.62,4830.08,0
O-1185,P-2,102,0,4210.11,4406.44,1
O-1186,P-2,110,1,2297.91,3078.64,0
O-1187,P-1,135,-1,3514.34,4221.97,1
O-1188,P-2,46,3,3790.86,3453.02,0
O-1189,P-3,120,1,5932.4,6928.6,0
O-1190,P-2,129,1,3762.7,3968.87,0
O-1191,P-2,181,1,4823.22,5622.81,0
O-1192,P-4,104,1,2859.34,3652.93,0
O-1193,P-4,110,-1,5686.88,6137.11,1
O-1194,P-1,134,0,3872.55,3526.61,1
O-1195,P-3,84,0,2114.75,1951.23,1
O-1196,P-1,144,-1,6138.5,6263.66,1
O-1197,P-1,72,3,6983.92,6641.29,0
O-1198,P-2,70,2,3983.62,3487.73,0
O-1199,P-1,110,2,6879.07,7690.28,0
O-1200,P-1,54,3,4235.73,4249.81,0
O-1201,P-4,175,0,4496.17,4882.3,1
O-1202,P-2,150,-1,5929.84,5448.38,1
O-1203,P-1,138,0,2069.87,2971.43,1
O-1204,P-3,98,2,2528.12,2775.8,0
O-1205,P-1,125,1,6899.53,7666.01,0
O-1206,P-4,81,1,2274.67,2020.9,0
O-1207,P-4,154,-1,6632.87,6808.63,1
O-1208,P-4,93,3,4511.99,4925.48,0
O-1209,P-3,134,1,5023.36,5564.83,0
O-1210,P-4,61,2,6021.53,5821.38,0
O-1211,P-1,118,0,3425.57,4102.03,1
O-1212,P-3,41,3,3765.07,3531.21,0
O-1213,P-3,32,0,2922.22,2906.17,1
O-1214,P-1,123,0,5258.48,5363.61,1
O-1215,P-4,83,3,6095.31,6076.72,0
O-1216,P-3,144,1,3004.37,3938.78,0
O-1217,P-4,72,-1,6301.21,5858.04,1
O-1218,P-3,40,1,6039.79,6342.04,0
O-1219,P-1,169,2,2818.29,2904.78,0
O-1220,P-2,156,3,3260.32,3872.47,0
O-1221,P-3,70,3,3743.92,3344.96,0
O-1222,P-2,164,2,6160.75,5889.34,0
O-1223,P-4,196,2,4152.45,4110.66,0
O-1224,P-2,69,-1,6615.2,6434.34,1
O-1225,P-4,110,-1,4183.19,3699.08,1
O-1226,P-2,86,-1,4216.61,3780.82,1
O-1227,P-3,81,0,5922.05,5970.0,1
O-1228,P-3,93,0,2462.53,2927.75,1
O-1229,P-3,188,0,2134.68,1699.4,1
O-1230,P-2,176,1,4695.22,5684.38,0
O-1231,P-2,61,-1,4269.27,3967.59,1
O-1232,P-2,75,3,5132.27,5187.84,0
O-1233,P-1,36,1,3134.13,3697.85,0
O-1234,P-3,165,1,5388.02,5805.84,0
O-1235,P-4,83,-1,4679.57,5228.54,1
O-1236,P-1,80,3,2384.48,2217.14,0
O-1237,P-1,62,1,6703.76,6969.58,0
O-1238,P-2,84,2,6421.55,6024.48,0
O-1239,P-2,190,0,5037.43,5375.38,1
O-1240,P-3,91,2,2697.61,2298.94,0
O-1241,P-3,75,2,3311.4,3671.97,0
O-1242,P-2,116,2,7088.06,7144.85,0
O-1243,P-3,79,2,4362.3,4891.81,0
O-1244,P-2,123,0,3422.83,3629.85,1
O-1245,P-3,158,3,6324.89,7031.02,0
O-1246,P-4,73,3,2593.85,2338.86,0
O-1247,P-3,143,3,7876.24,7803.15,0
O-1248,P-2,119,2,2972.0,2814.33,0
O-1249,P-3,40,0,7642.62,8193.67,1
O-1250,P-1,120,0,5929.0,6757.21,1
O-1251,P-1,87,1,7817.25,8363.68,0
O-1252,P-3,179,1,2934.31,2450.14,0
O-1253,P-4,164,-1,3131.43,3954.67,1
O-1254,P-1,130,1,7120.89,6894.5,0
O-1255,P-2,141,0,3692.69,3380.25,1
O-1256,P-3,33,-1,2336.23,2999.71,1
O-1257,P-1,77,0,6411.94,6052.88,1
O-1258,P-1,25,0,3415.8,3567.04,1
O-1259,P-1,43,2,7585.09,8580.55,0
O-1260,P-3,159,0,7391.98,7619.93,1
O-1261,P-3,196,-1,4696.31,5425.44,1
O-1262,P-3,102,0,6594.4,6325.6,1
O-1263,P-1,148,0,2190.9,2653.53,1
O-1264,P-1,125,1,6765.5,6352.95,0
O-1265,P-1,70,0,5350.54,5687.75,1
O-1266,P-1,119,3,7414.91,7740.03,0
O-1267,P-2,167,-1,7897.74,8291.38,1
O-1268,P-3,107,0,4202.5,4575.73,1
O-1269,P-1,173,-1,2224.23,2936.74,1
O-1270,P-4,204,-1,5146.3,5125.27,1
O-1271,P-4,20,0,4017.01,4230.79,1
O-1272,P-2,125,0,3453.89,3353.28,1
O-1273,P-3,116,1,5697.33,6682.57,0
O-1274,P-1,133,-1,6162.77,5829.69,1
O-1275,P-3,148,-1,3021.92,2947.94,1
O-1276,P-3,66,2,4907.97,5303.63,0
O-1277,P-3,156,1,3417.23,4384.6,0
O-1278,P-1,74,-1,5124.31,5641.3,1
O-1279,P-3,191,3,3853.99,4411.69,0
O-1280,P-1,92,2,6473.66,7206.21,0
O-1281,P-3,174,-1,2804.52,3573.73,1
O-1282,P-2,168,0,6546.66,6145.86,1
O-1283,P-1,48,3,4709.66,5450.18,0
O-1284,P-1,176,2,3766.52,4645.07,0
O-1285,P-2,103,2,2541.08,2527.19,0
O-1286,P-4,66,3,7212.91,6981.21,0
O-1287,P-2,132,2,3427.27,3810.56,0
O-1288,P-2,92,-1,7122.98,7623.47,1
O-1289,P-3,166,1,6921.59,7559.25,0
O-1290,P-4,96,-1,6344.44,6751.61,1
O-1291,P-4,70,0,2709.24,2906.57,1
O-1292,P-2,156,1,2683.02,2682.94,0
O-1293,P-4,64,3,6703.93,6824.86,0
O-1294,P-3,105,2,3124.27,2799.54,0
O-1295,P-3,80,-1,6709.66,7376.35,1
O-1296,P-3,209,0,6347.42,6536.47,1
O-1297,P-1,99,-1,5833.11,5647.88,1
O-1298,P-3,121,3,5255.17,5579.22,0
O-1299,P-3,99,-1,2322.8,2462.5,1
O-1300,P-2,133,-1,3862.35,4328.98,1
O-1301,P-3,89,-1,4871.91,5640.56,1
O-1302,P-1,144,3,5725.25,6047.17,0
O-1303,P-3,132,-1,3952.27,3598.75,1
O-1304,P-4,110,3,5965.29,6144.75,0
O-1305,P-3,211,3,7115.03,6708.65,0
O-1306,P-1,161,2,5270.71,5764.44,0
O-1307,P-2,171,2,2507.98,2971.34,0
O-1308,P-4,176,3,7080.82,6935.94,0
O-1309,P-4,82,3,5101.7,5386.74,0
O-1310,P-3,130,2,4117.49,5084.13,0
O-1311,P-1,70,-1,4908.56,4598.79,1
O-1312,P-1,56,0,3084.86,3375.94,1
O-1313,P-4,73,3,5853.57,6486.8,0
O-1314,P-2,90,2,7563.34,7736.57,0
O-1315,P-3,97,2,6405.88,6788.97,0
O-1316,P-1,31,2,6351.5,6229.34,0
O-1317,P-1,196,0,6173.92,6053.92,1
O-1318,P-3,110,2,3549.43,4268.63,0
O-1319,P-4,79,2,2209.17,1814.79,0
O-1320,P-3,44,2,4423.48,5015.13,0
O-1321,P-3,109,1,7047.09,7687.77,0
O-1322,P-3,116,0,2214.19,1752.24,1
O-1323,P-4,134,2,6842.62,7343.59,0
O-1324,P-1,83,-1,5795.97,6652.96,1
O-1325,P-4,94,1,3929.54,4876.58,0
O-1326,P-4,116,-1,2599.81,3370.86,1
O-1327,P-3,49,3,3435.52,3197.34,0
O-1328,P-3,184,-1,7176.39,8156.56,1
O-1329,P-2,88,-1,3710.39,3862.4,1
O-1330,P-2,80,0,5556.24,5545.2,1
O-1331,P-2,139,-1,2869.65,3761.48,1
O-1332,P-3,138,-1,2819.01,3596.49,1
O-1333,P-2,113,3,3675.03,4270.06,0
O-1334,P-2,36,-1,5186.73,5405.63,1
O-1335,P-2,120,-1,6014.21,5756.91,1
O-1336,P-4,63,-1,7360.61,7359.97,1
O-1337,P-3,28,2,4198.6,4670.86,0
O-1338,P-4,158,2,2380.22,2398.06,0
O-1339,P-1,75,1,2988.6,2656.64,0
O-1340,P-2,170,1,2132.22,2835.2,0
O-1341,P-4,110,0,3360.69,3418.54,1
O-1342,P-2,186,0,2701.5,3692.16,1
O-1343,P-3,152,3,7522.6,7629.44,0
O-1344,P-3,33,3,6134.88,6732.34,0
O-1345,P-2,124,0,6687.7,7338.34,1
O-1346,P-4,118,-1,4385.35,4959.3,1
O-1347,P-4,164,0,6371.63,6492.92,1
O-1348,P-3,67,2,6261.48,6894.35,0
O-1349,P-3,138,1,2745.06,3243.93,0
O-1350,P-4,90,2,5075.16,5438.06,0
O-1351,P-3,34,-1,3749.98,4208.4,1
O-1352,P-3,169,-1,6939.89,6459.24,1
O-1353,P-2,72,3,4762.95,4377.55,0
O-1354,P-3,31,0,3844.57,3659.33,1
O-1355,P-1,75,-1,2713.53,2593.05,1
O-1356,P-2,71,1,2963.34,3214.29,0
O-1357,P-3,130,1,6041.15,5702.14,0
O-1358,P-3,156,1,2493.49,2734.06,0
O-1359,P-2,76,1,7992.34,8229.81,0
O-1360,P-1,176,3,3397.22,3534.28,0
O-1361,P-4,141,0,2648.22,2524.25,1
O-1362,P-4,73,0,5731.8,5376.3,1
O-1363,P-4,70,2,7117.25,7281.08,0
O-1364,P-4,59,2,5373.53,5108.0,0
O-1365,P-3,136,1,6591.16,7028.89,0
O-1366,P-2,51,-1,3018.68,3326.31,1
O-1367,P-1,124,2,4015.8,4269.95,0
O-1368,P-1,149,2,6306.24,6673.53,0
O-1369,P-1,159,0,4413.81,4851.26,1
O-1370,P-4,138,2,2902.84,3430.8,0
O-1371,P-3,112,2,2899.77,2441.33,0
O-1372,P-2,62,0,7782.72,8011.48,1
O-1373,P-4,88,3,4978.71,4614.08,0
O-1374,P-4,165,2,7177.4,6761.29,0
O-1375,P-3,92,3,6144.09,6827.29,0
O-1376,P-2,103,-1,3784.54,4573.67,1
O-1377,P-1,144,-1,6190.89,6450.39,1
O-1378,P-1,84,1,2664.97,2539.38,0
O-1379,P-2,218,2,4360.97,4426.95,0
O-1380,P-2,189,3,2534.37,2586.25,0
O-1381,P-2,112,2,7138.03,7538.15,0
O-1382,P-2,160,-1,4813.29,5620.46,1
O-1383,P-1,93,3,3521.94,3951.43,0
O-1384,P-4,96,2,2701.05,2267.29,0
O-1385,P-3,89,0,2319.33,2042.26,1
O-1386,P-4,95,2,7075.03,7875.35,0
O-1387,P-3,98,2,2155.77,2677.74,0
O-1388,P-1,133,-1,7818.62,8302.88,1
O-1389,P-3,130,-1,3530.98,3391.1,1
O-1390,P-2,201,3,5993.12,6741.2,0
O-1391,P-4,116,2,5080.05,6039.96,0
O-1392,P-1,103,0,6105.88,6056.49,1
O-1393,P-1,50,1,5513.41,6166.38,0
O-1394,P-1,108,2,7800.32,8607.34,0
O-1395,P-1,108,2,3816.8,4536.5,0
O-1396,P-1,200,0,7052.54,7839.82,1
O-1397,P-1,125,2,3768.99,4513.17,0
O-1398,P-3,114,3,6285.74,6578.2,0
O-1399,P-4,108,-1,3728.06,3516.36,1
O-1400,P-4,149,2,3694.74,4318.62,0
O-1401,P-4,174,1,6061.57,5823.64,0
O-1402,P-2,124,1,6238.43,7128.38,0
O-1403,P-1,78,2,2925.77,2971.38,0
O-1404,P-3,132,1,6519.24,6813.72,0
O-1405,P-3,97,-1,4029.82,4132.3,1
O-1406,P-1,164,1,2047.41,1967.08,0
O-1407,P-4,49,3,6350.59,6960.67,0
O-1408,P-3,87,0,6359.06,7339.49,1
O-1409,P-1,195,3,3795.21,4295.59,0
O-1410,P-2,158,2,2373.16,3205.92,0
O-1411,P-4,188,2,5034.72,5261.87,0
O-1412,P-1,79,-1,5430.59,4991.01,1
O-1413,P-2,72,0,2012.51,2333.82,1
O-1414,P-4,133,2,7198.07,7185.89,0
O-1415,P-3,178,3,3154.56,3582.62,0
O-1416,P-2,41,2,4410.79,3978.27,0
O-1417,P-3,88,0,3533.33,3167.77,1
O-1418,P-3,211,1,2311.27,2170.7,0
O-1419,P-3,79,0,3614.96,4560.17,1
O-1420,P-1,77,3,2250.75,2969.72,0
O-1421,P-4,51,3,2538.29,3085.93,0
O-1422,P-3,64,0,7753.96,7746.65,1
O-1423,P-4,108,3,6033.48,6062.97,0
O-1424,P-2,71,0,6897.68,7335.53,1
O-1425,P-2,149,3,5310.71,5800.47,0
O-1426,P-2,40,3,2011.73,2152.4,0
O-1427,P-3,210,2,4351.15,4353.21,0
O-1428,P-2,127,-1,4591.69,4127.73,1
O-1429,P-3,156,3,7847.15,8722.22,0
O-1430,P-1,157,3,7099.58,7202.1,0
O-1431,P-4,27,3,2616.14,3008.9,0
O-1432,P-4,91,1,3867.13,4694.96,0
O-1433,P-2,181,0,6711.58,6723.91,1
O-1434,P-2,146,0,4799.22,4618.93,1
O-1435,P-3,123,0,4642.45,5089.45,1
O-1436,P-2,67,1,6988.67,6694.54,0
O-1437,P-2,157,0,6166.12,6143.05,1
O-1438,P-2,79,3,6363.79,7040.79,0
O-1439,P-3,95,2,3317.16,3121.66,0
O-1440,P-3,120,3,5503.77,5701.65,0
O-1441,P-3,137,-1,7408.86,7350.64,1
O-1442,P-1,87,1,3143.85,3549.9,0
O-1443,P-4,111,2,6340.02,6154.83,0
O-1444,P-1,74,2,4248.2,4614.46,0
O-1445,P-4,214,0,5409.15,6107.87,1
O-1446,P-4,149,0,6049.31,5815.76,1
O-1447,P-1,168,1,2942.21,2608.33,0
O-1448,P-4,57,2,2044.66,1758.7,0
O-1449,P-4,108,1,5678.17,6393.15,0
O-1450,P-2,67,3,6188.26,6771.87,0
O-1451,P-3,180,-1,2160.31,2618.61,1
O-1452,P-1,185,-1,6281.49,6438.08,1
O-1453,P-1,55,0,4148.52,3973.53,1
O-1454,P-1,109,-1,6602.69,7495.92,1
O-1455,P-2,124,-1,5075.0,5798.44,1
O-1456,P-4,117,0,4412.84,4387.2,1
O-1457,P-1,155,3,7754.21,8154.01,0
O-1458,P-1,90,3,2127.28,2765.69,0
O-1459,P-3,143,-1,7540.45,7937.56,1
O-1460,P-3,77,3,6808.71,7353.13,0
O-1461,P-4,92,0,3042.05,3365.32,1
O-1462,P-2,130,2,7174.55,7396.31,0
O-1463,P-4,165,1,3543.75,3739.23,0
O-1464,P-4,144,1,7554.15,8464.58,0
O-1465,P-1,123,3,6178.73,6655.09,0
O-1466,P-2,163,3,2700.38,2338.84,0
O-1467,P-4,88,3,6403.6,7032.29,0
O-1468,P-2,116,-1,6642.46,6769.22,1
O-1469,P-2,101,0,2353.89,2127.98,1
O-1470,P-3,93,-1,4867.38,5376.59,1
O-1471,P-1,115,1,6541.47,6948.03,0
O-1472,P-4,123,2,5611.46,6414.97,0
O-1473,P-1,71,2,4400.99,4819.88,0
O-1474,P-2,139,3,7378.45,8311.03,0
O-1475,P-1,93,1,5995.6,6922.86,0
O-1476,P-2,105,2,3554.56,3491.02,0
O-1477,P-3,123,1,7082.71,8052.48,0
O-1478,P-4,41,0,2875.22,3373.25,1
O-1479,P-4,130,1,7088.42,7990.07,0
O-1480,P-2,111,1,2430.94,3021.07,0
O-1481,P-1,96,2,3258.6,3965.14,0
O-1482,P-2,128,2,2704.08,2977.23,0
O-1483,P-4,93,-1,7189.37,7664.84,1
O-1484,P-4,128,3,4905.15,5372.04,0
O-1485,P-2,45,2,6521.05,6332.25,0
O-1486,P-2,154,-1,5036.89,5082.23,1
O-1487,P-3,77,1,5975.7,5542.8,0
O-1488,P-2,151,3,4290.69,5146.18,0
O-1489,P-2,134,3,6929.41,6903.95,0
O-1490,P-4,75,0,3641.88,3288.8,1
O-1491,P-1,147,0,7679.06,7763.4,1
O-1492,P-1,135,-1,6245.01,6118.68,1
O-1493,P-4,43,-1,2460.16,2320.22,1
O-1494,P-1,55,-1,2083.4,1868.68,1
O-1495,P-1,133,0,7714.9,7848.98,1
O-1496,P-1,204,-1,3304.78,3262.01,1
O-1497,P-4,171,0,4127.19,3779.2,1
O-1498,P-1,138,1,7353.16,7657.8,0
O-1499,P-4,83,-1,4367.28,4983.17,1
O-1500,P-1,53,1,2788.51,3725.03,0
O-1501,P-3,194,2,3486.48,3215.22,0
O-1502,P-2,76,3,7955.31,8342.1,0
O-1503,P-2,22,2,3330.65,3469.76,0
O-1504,P-3,84,-1,5962.58,5945.04,1
O-1505,P-3,169,3,4163.41,4878.46,0
O-1506,P-1,186,0,7553.0,7165.32,1
O-1507,P-2,162,3,4690.89,5266.88,0
O-1508,P-2,168,2,4626.47,4890.39,0
O-1509,P-2,153,1,3343.58,3643.93,0
O-1510,P-1,178,3,2499.48,3057.67,0
O-1511,P-1,175,3,7673.94,7559.96,0
O-1512,P-4,119,2,3089.08,2866.62,0
O-1513,P-2,67,2,7454.79,8410.37,0
O-1514,P-1,134,3,7745.71,7405.22,0
O-1515,P-4,101,3,6949.55,6603.77,0
O-1516,P-4,76,2,3017.35,2682.55,0
O-1517,P-1,134,3,2901.32,3402.23,0
O-1518,P-3,167,1,4680.17,5375.45,0
O-1519,P-2,101,2,2829.33,3745.38,0
O-1520,P-4,150,1,7963.43,7489.16,0
O-1521,P-2,88,0,2335.19,2041.89,1
O-1522,P-1,152,-1,2462.39,2816.16,1
O-1523,P-3,73,1,2360.0,2823.68,0
O-1524,P-3,79,3,6458.81,6559.41,0
O-1525,P-3,115,0,2650.41,2267.12,1
O-1526,P-3,124,3,2274.08,2245.95,0
O-1527,P-3,134,-1,2142.11,2836.21,1
O-1528,P-1,150,3,6712.11,6720.64,0
O-1529,P-1,126,3,2564.68,2535.26,0
O-1530,P-4,117,-1,2237.56,3026.06,1
O-1531,P-3,181,-1,6446.26,6313.49,1
O-1532,P-1,47,2,2654.71,2425.12,0
O-1533,P-4,167,3,2873.08,2693.29,0
O-1534,P-2,86,1,2850.43,2761.29,0
O-1535,P-3,168,0,4095.66,4224.31,1
O-1536,P-4,160,0,5984.38,6719.64,1
O-1537,P-4,148,3,3311.74,4280.29,0
O-1538,P-2,141,3,5893.47,6077.47,0
O-1539,P-4,84,1,6212.56,7119.41,0
O-1540,P-4,65,0,6661.28,6988.66,1
O-1541,P-4,134,1,6039.8,5546.04,0
O-1542,P-3,178,0,6971.3,7673.3,1
O-1543,P-2,82,-1,7058.18,7499.16,1
O-1544,P-2,136,2,3438.33,4285.19,0
O-1545,P-3,52,-1,7563.19,7247.22,1
O-1546,P-2,91,2,6124.02,6186.9,0
O-1547,P-1,79,3,5130.49,5012.24,0
O-1548,P-2,85,0,6366.46,7276.23,1
O-1549,P-4,207,0,7771.23,7425.57,1
O-1550,P-3,160,1,4696.42,5530.59,0
O-1551,P-3,114,1,6677.09,6360.55,0
O-1552,P-2,64,0,5365.75,5940.15,1
O-1553,P-2,129,-1,4716.71,5118.86,1
O-1554,P-1,48,3,5868.65,5472.83,0
O-1555,P-3,82,2,7626.22,7280.34,0
O-1556,P-2,44,-1,7299.92,6864.53,1
O-1557,P-2,176,2,5130.58,4991.37,0
O-1558,P-3,29,-1,7830.59,7420.99,1
O-1559,P-3,157,0,4313.45,4492.1,1
O-1560,P-3,40,0,7364.59,7145.13,1
O-1561,P-1,24,2,4648.04,4702.71,0
O-1562,P-3,193,-1,2691.13,3533.72,1
O-1563,P-4,80,2,6714.37,6735.82,0
O-1564,P-4,9,0,3992.93,4175.75,1
O-1565,P-2,188,0,2656.32,3384.71,1
O-1566,P-1,158,3,3521.22,3709.35,0
O-1567,P-1,131,2,5465.51,6009.22,0
O-1568,P-4,138,2,3143.44,3512.72,0
O-1569,P-3,133,2,5742.77,6239.25,0
O-1570,P-3,85,1,3508.6,3533.93,0
O-1571,P-2,56,1,4535.38,5485.74,0
O-1572,P-3,171,0,3829.98,3775.98,1
O-1573,P-3,164,2,7475.35,7014.98,0
O-1574,P-3,153,-1,6844.89,7657.26,1
O-1575,P-3,182,3,5097.58,5440.65,0
O-1576,P-1,13,3,3483.24,3138.65,0
O-1577,P-2,88,2,3108.85,3836.68,0
O-1578,P-1,69,2,2889.0,2814.13,0
O-1579,P-4,166,1,4146.49,4930.25,0
O-1580,P-3,97,-1,4259.14,4466.77,1
O-1581,P-3,180,0,5991.57,6240.72,1
O-1582,P-4,66,-1,4649.17,4710.65,1
O-1583,P-2,150,0,6452.92,6604.01,1
O-1584,P-1,153,2,5422.22,5632.82,0
O-1585,P-4,163,-1,3383.44,3785.67,1
O-1586,P-2,155,1,5275.65,6113.36,0
O-1587,P-3,167,-1,4961.33,5669.82,1
O-1588,P-1,127,2,4589.09,4544.22,0
O-1589,P-1,130,2,2693.5,2370.49,0
O-1590,P-1,129,-1,2339.93,2497.76,1
O-1591,P-4,122,0,6231.53,6951.67,1
O-1592,P-2,159,3,2470.68,3338.75,0
O-1593,P-2,161,-1,7017.95,6923.4,1
O-1594,P-1,70,2,5194.95,5685.55,0
O-1595,P-3,112,2,6844.38,7174.32,0
O-1596,P-2,95,0,4025.19,4117.09,1
O-1597,P-3,193,-1,2222.02,2260.11,1
O-1598,P-3,27,2,5782.03,5502.38,0
O-1599,P-3,101,-1,5242.65,4809.75,1
O-1600,P-2,122,1,3959.24,4641.49,0
O-1601,P-1,51,1,4273.04,4647.07,0
O-1602,P-4,86,2,3170.14,3533.01,0
O-1603,P-2,173,3,5919.98,6327.81,0
O-1604,P-4,209,-1,4526.14,5501.01,1
O-1605,P-1,151,2,7939.6,7638.17,0
O-1606,P-3,168,-1,2442.52,3323.61,1
O-1607,P-2,176,1,3922.62,3687.7,0
O-1608,P-4,107,-1,4583.23,4500.61,1
O-1609,P-2,120,1,3241.06,3999.24,0
O-1610,P-1,52,3,3769.65,3434.07,0
O-1611,P-1,34,3,4720.78,5324.06,0
O-1612,P-1,64,0,4820.69,5047.45,1
O-1613,P-2,137,0,2232.88,2764.85,1
O-1614,P-2,95,2,3772.5,3600.9,0
O-1615,P-3,111,2,2173.78,2075.67,0
O-1616,P-4,177,2,5817.6,5386.04,0
O-1617,P-1,148,1,5929.59,6207.56,0
O-1618,P-2,201,-1,7072.89,7705.57,1
O-1619,P-1,85,2,6909.78,7724.71,0
O-1620,P-2,91,2,3644.3,3448.3,0
O-1621,P-4,154,0,2103.28,2348.83,1
O-1622,P-1,51,-1,3994.61,4709.13,1
O-1623,P-4,172,1,2219.06,2752.56,0
O-1624,P-2,28,-1,6195.53,6259.06,1
O-1625,P-1,139,0,4396.43,4341.56,1
O-1626,P-2,49,3,4777.28,5681.58,0
O-1627,P-1,93,3,2568.29,3005.75,0
O-1628,P-2,75,1,5366.67,5829.07,0
O-1629,P-1,82,1,3008.6,3683.65,0
O-1630,P-1,156,1,3444.64,3534.51,0
O-1631,P-2,158,2,5347.43,5500.55,0
O-1632,P-4,219,0,4165.95,3958.28,1
O-1633,P-1,204,-1,3645.04,3230.88,1
O-1634,P-1,94,0,2496.95,3248.05,1
O-1635,P-3,42,3,7643.27,7748.03,0
O-1636,P-3,31,1,2706.29,2905.67,0
O-1637,P-3,88,2,3846.69,4368.03,0
O-1638,P-3,190,1,3587.27,3822.1,0
O-1639,P-2,136,2,3244.68,3794.16,0
O-1640,P-1,154,1,5949.83,6801.74,0
O-1641,P-3,184,3,4634.05,5058.97,0
O-1642,P-3,165,-1,4555.37,4459.41,1
O-1643,P-2,35,0,4752.28,4500.29,1
O-1644,P-2,206,1,2955.98,2605.85,0
O-1645,P-2,94,1,5581.63,5882.8,0
O-1646,P-2,94,3,5873.46,5580.58,0
O-1647,P-4,102,-1,7751.08,7883.69,1
O-1648,P-1,128,3,2069.53,2550.26,0
O-1649,P-4,96,0,5190.27,5265.48,1
O-1650,P-4,149,2,2300.44,2699.43,0
O-1651,P-3,27,1,5574.67,5610.54,0
O-1652,P-2,76,0,2243.85,2233.73,1
O-1653,P-1,190,1,7790.96,8481.43,0
O-1654,P-4,90,3,7458.48,7975.79,0
O-1655,P-4,157,0,5668.32,6260.57,1
O-1656,P-1,153,2,5193.44,4948.46,0
O-1657,P-3,140,2,2935.4,3312.81,0
O-1658,P-4,206,-1,3309.83,4298.03,1
O-1659,P-2,188,1,7154.34,7396.59,0
O-1660,P-3,41,2,5818.5,6246.81,0
O-1661,P-2,96,2,4746.61,5331.2,0
O-1662,P-2,44,0,7836.83,8087.15,1
O-1663,P-1,49,3,4631.13,5372.76,0
O-1664,P-4,65,-1,4198.79,4683.6,1
O-1665,P-4,52,1,5409.39,5801.03,0
O-1666,P-3,111,1,2879.16,2817.66,0
O-1667,P-1,154,1,5140.02,5206.99,0
O-1668,P-1,30,1,4139.01,4327.99,0
O-1669,P-3,86,3,3536.43,4145.58,0
O-1670,P-3,187,-1,3365.52,3744.04,1
O-1671,P-2,50,-1,5589.76,5539.7,1
O-1672,P-4,109,0,5043.76,5315.06,1
O-1673,P-4,134,2,3072.77,3713.43,0
O-1674,P-2,98,-1,7565.31,7380.75,1
O-1675,P-2,127,2,2869.92,2870.5,0
O-1676,P-4,111,1,3251.65,3826.66,0
O-1677,P-2,163,0,6337.09,7249.33,1
O-1678,P-4,104,3,7541.64,7208.19,0
O-1679,P-2,136,1,2842.81,3497.67,0
O-1680,P-4,109,1,2715.14,2831.31,0
O-1681,P-1,187,-1,7845.37,8516.25,1
O-1682,P-1,178,1,5887.04,5896.75,0
O-1683,P-1,62,0,5194.19,5674.61,1
O-1684,P-2,94,-1,7223.34,8116.04,1
O-1685,P-3,101,2,2295.29,2453.11,0
O-1686,P-1,170,1,3145.89,4123.62,0
O-1687,P-4,127,-1,7675.64,8153.64,1
O-1688,P-3,190,-1,5111.73,4822.06,1
O-1689,P-3,80,0,4190.41,5077.84,1
O-1690,P-3,107,-1,7481.46,7051.21,1
O-1691,P-2,68,2,7141.49,7855.63,0
O-1692,P-3,56,0,6832.68,6546.57,1
O-1693,P-3,35,1,6487.62,7187.28,0
O-1694,P-4,117,3,7956.19,8135.98,0
O-1695,P-3,134,2,6579.62,6473.92,0
O-1696,P-1,158,2,4385.35,5297.22,0
O-1697,P-2,100,1,6082.38,6534.74,0
O-1698,P-4,191,0,2002.12,1879.11,1
O-1699,P-2,132,2,7005.97,6611.77,0
O-1700,P-3,63,-1,3393.09,3550.5,1
O-1701,P-3,82,2,6550.76,6387.71,0
O-1702,P-4,154,1,4517.87,5272.31,0
O-1703,P-4,75,2,5609.97,5995.48,0
O-1704,P-4,141,3,6878.96,7321.14,0
O-1705,P-3,130,1,4676.04,4247.74,0
O-1706,P-2,62,0,6972.1,6624.05,1
O-1707,P-2,194,0,3936.56,3603.78,1
O-1708,P-4,171,2,6295.33,6594.57,0
O-1709,P-3,110,1,3346.81,3889.43,0
O-1710,P-1,149,0,3116.35,3394.21,1
O-1711,P-3,72,1,3929.98,4671.15,0
O-1712,P-2,98,2,5546.38,5143.37,0
O-1713,P-2,70,-1,4584.98,5231.53,1
O-1714,P-3,81,1,6272.68,6310.2,0
O-1715,P-2,114,1,7676.88,8037.88,0
O-1716,P-2,63,2,4107.2,4578.04,0
O-1717,P-1,158,-1,4308.52,3850.0,1
O-1718,P-2,50,0,6238.21,7057.72,1
O-1719,P-1,145,3,4985.91,5391.17,0
O-1720,P-1,129,0,2249.54,1837.48,1
O-1721,P-4,46,1,4610.83,4234.41,0
O-1722,P-3,45,3,6435.54,6736.98,0
O-1723,P-4,97,0,6274.46,5883.91,1
O-1724,P-1,94,2,7505.5,7608.44,0
O-1725,P-3,176,2,7055.81,6840.05,0
O-1726,P-2,91,-1,5221.64,4972.69,1
O-1727,P-1,82,0,4813.74,4477.76,1
O-1728,P-4,71,0,2262.55,1783.87,1
O-1729,P-4,50,0,4015.33,4597.1,1
O-1730,P-3,39,-1,6344.48,6326.96,1
O-1731,P-4,131,-1,7623.27,8090.46,1
O-1732,P-3,158,0,3721.18,4317.65,1
O-1733,P-1,144,0,4526.84,4653.43,1
O-1734,P-2,150,1,4248.9,4209.25,0
O-1735,P-4,71,2,7659.2,7194.95,0
O-1736,P-2,141,0,6575.72,6805.75,1
O-1737,P-1,103,0,7044.07,7088.48,1
O-1738,P-2,138,2,6199.18,6121.03,0
O-1739,P-4,132,1,4684.0,4213.79,0
O-1740,P-3,15,1,5616.88,6315.86,0
O-1741,P-3,96,1,7976.92,7983.2,0
O-1742,P-1,146,2,6181.14,6184.59,0
O-1743,P-4,63,1,6864.53,7573.87,0
O-1744,P-1,73,0,5786.02,5782.37,1
O-1745,P-1,194,0,6301.88,6382.23,1
O-1746,P-3,205,0,3579.57,4396.83,1
O-1747,P-2,121,1,3505.7,3522.84,0
O-1748,P-1,76,-1,2071.99,2688.39,1
O-1749,P-3,117,2,3368.67,3124.5,0
O-1750,P-4,73,1,4396.51,3917.44,0
O-1751,P-3,165,1,3139.68,3549.92,0
O-1752,P-3,93,0,4943.04,5878.33,1
O-1753,P-3,121,-1,4682.47,4807.97,1
O-1754,P-4,181,1,6879.93,6753.58,0
O-1755,P-3,116,-1,4337.46,4127.23,1
O-1756,P-3,88,3,7746.35,8142.73,0
O-1757,P-2,174,0,2151.7,2629.15,1
O-1758,P-2,157,0,3708.58,4088.3,1
O-1759,P-3,84,0,5678.49,6319.29,1
O-1760,P-4,122,0,2551.16,2591.64,1
O-1761,P-4,215,-1,3364.38,2949.15,1
O-1762,P-2,121,-1,4953.36,5457.82,1
O-1763,P-1,116,0,5217.38,6090.18,1
O-1764,P-3,146,1,4673.26,5624.86,0
O-1765,P-2,97,2,5401.08,6227.65,0
O-1766,P-3,137,3,4881.05,5276.16,0
O-1767,P-1,59,0,2321.23,2144.19,1
O-1768,P-1,110,-1,7281.74,8179.8,1
O-1769,P-3,40,0,4385.23,4451.37,1
O-1770,P-1,189,-1,7779.14,7561.24,1
O-1771,P-2,191,2,4239.6,5092.33,0
O-1772,P-3,121,3,7768.32,7397.99,0
O-1773,P-2,151,0,7863.39,8551.81,1
O-1774,P-3,162,1,3314.43,3341.13,0
O-1775,P-2,39,0,3817.15,3631.02,1
O-1776,P-1,142,2,4059.02,4121.39,0
O-1777,P-4,96,2,4536.21,4916.9,0
O-1778,P-3,106,2,5621.65,5825.57,0
O-1779,P-1,194,2,5513.97,6061.29,0
O-1780,P-4,64,0,4323.82,4940.62,1
O-1781,P-4,187,0,4628.58,4678.59,1
O-1782,P-4,154,-1,2523.46,3340.13,1
O-1783,P-1,84,2,4867.28,5823.58,0
O-1784,P-2,96,-1,5513.44,5026.73,1
O-1785,P-4,59,-1,6002.49,6789.26,1
O-1786,P-3,156,1,3155.63,3745.37,0
O-1787,P-4,54,3,2398.0,2025.26,0
O-1788,P-3,130,2,4022.45,4559.59,0
O-1789,P-3,106,0,7834.04,7621.81,1
O-1790,P-2,101,3,6788.18,7160.8,0
O-1791,P-3,106,1,2878.04,3287.02,0
O-1792,P-3,153,0,2305.96,2447.52,1
O-1793,P-1,158,3,6703.22,7591.84,0
O-1794,P-3,153,3,7044.61,6772.16,0
O-1795,P-2,57,2,4757.04,4505.5,0
O-1796,P-4,130,2,6434.99,6511.7,0
O-1797,P-3,124,2,2867.09,2483.13,0
O-1798,P-3,125,0,4713.47,5413.62,1
O-1799,P-4,182,1,2948.59,2777.3,0
O-1800,P-3,185,3,2475.53,3373.55,0
O-1801,P-2,116,-1,5435.65,6110.3,1
O-1802,P-2,76,-1,5320.63,5374.03,1
O-1803,P-3,125,2,3451.55,3865.0,0
O-1804,P-2,187,1,6065.15,6157.68,0
O-1805,P-4,117,-1,2440.5,3432.57,1
O-1806,P-4,89,2,4378.16,4091.63,0
O-1807,P-2,136,-1,4244.21,4270.04,1
O-1808,P-4,187,1,7952.6,7671.51,0
O-1809,P-4,119,1,6807.34,7185.77,0
O-1810,P-4,34,-1,3654.56,3484.92,1
O-1811,P-2,93,-1,6363.43,7043.95,1
O-1812,P-3,205,1,6006.51,6759.55,0
O-1813,P-4,96,-1,6810.04,6696.5,1
O-1814,P-1,51,1,2974.67,3196.43,0
O-1815,P-1,107,2,4431.91,5206.09,0
O-1816,P-1,68,2,7606.25,8296.63,0
O-1817,P-3,61,-1,7977.89,7601.41,1
O-1818,P-4,87,3,2389.66,2798.91,0
O-1819,P-1,140,1,5920.94,6642.9,0
O-1820,P-2,119,-1,2756.66,3340.81,1
O-1821,P-1,72,0,3148.93,2748.01,1
O-1822,P-3,127,3,7215.04,6961.31,0
O-1823,P-2,135,-1,6268.19,6968.5,1
O-1824,P-3,136,3,2267.08,2265.99,0
O-1825,P-2,92,0,4368.88,3875.31,1
O-1826,P-1,206,3,7933.21,7753.33,0
O-1827,P-3,123,1,2124.15,1818.97,0
O-1828,P-2,24,3,7896.88,8706.71,0
O-1829,P-4,88,1,6839.61,7157.57,0
O-1830,P-2,172,-1,3274.16,3059.38,1
O-1831,P-4,151,-1,4717.46,4223.04,1
O-1832,P-3,202,3,4840.58,5170.96,0
O-1833,P-2,114,1,6894.16,7893.08,0
O-1834,P-3,50,-1,7588.46,7992.82,1
O-1835,P-2,52,3,7437.92,7924.77,0
O-1836,P-1,99,2,6857.0,6965.98,0
O-1837,P-1,102,3,2031.72,2316.18,0
O-1838,P-4,76,2,3494.18,4278.39,0
O-1839,P-2,125,0,6266.41,6112.69,1
O-1840,P-1,64,-1,3238.0,2954.58,1
O-1841,P-2,166,2,4624.7,4502.87,0
O-1842,P-2,175,0,6614.32,6824.17,1
O-1843,P-3,152,2,6686.05,7153.88,0
O-1844,P-3,116,3,7392.65,7270.8,0
O-1845,P-1,122,3,4886.12,4667.18,0
O-1846,P-3,173,1,4141.28,4779.67,0
O-1847,P-2,141,3,6085.76,7049.65,0
O-1848,P-4,139,0,2561.06,2436.54,1
O-1849,P-1,98,3,2000.56,2545.13,0
O-1850,P-3,109,0,6963.66,6760.13,1
O-1851,P-2,64,0,4268.52,4025.58,1
O-1852,P-2,193,0,6282.18,6852.76,1
O-1853,P-2,43,1,7557.28,8254.73,0
O-1854,P-1,87,3,7456.0,7826.99,0
O-1855,P-1,118,-1,3566.84,3890.2,1
O-1856,P-1,155,-1,4765.4,5287.41,1
O-1857,P-1,118,-1,4884.68,5592.74,1
O-1858,P-3,191,-1,5602.09,5966.67,1
O-1859,P-3,119,2,2264.88,1838.16,0
O-1860,P-3,165,2,5070.1,6056.1,0
O-1861,P-1,152,2,6719.14,6244.63,0
O-1862,P-4,179,0,4990.68,5887.03,1
O-1863,P-1,150,1,2951.56,2815.63,0
O-1864,P-3,143,0,7676.85,7737.35,1
O-1865,P-2,191,2,6752.56,7547.19,0
O-1866,P-3,83,2,2225.25,2755.49,0
O-1867,P-3,154,0,6835.69,6470.78,1
O-1868,P-1,85,0,7294.3,8076.52,1
O-1869,P-4,47,-1,7469.07,7282.13,1
O-1870,P-1,26,1,7762.21,8624.12,0
O-1871,P-1,140,1,3355.06,3450.56,0
O-1872,P-2,54,1,2460.47,2343.19,0
O-1873,P-3,56,2,2699.08,2392.26,0
O-1874,P-1,127,1,7716.72,8368.11,0
O-1875,P-1,42,3,3742.4,4687.09,0
O-1876,P-2,28,1,2614.85,2670.69,0
O-1877,P-2,188,3,7217.48,7702.64,0
O-1878,P-2,92,-1,2127.64,2378.3,1
O-1879,P-2,187,-1,5733.31,5267.75,1
O-1880,P-1,100,3,6020.88,6424.48,0
O-1881,P-1,79,3,2179.64,2886.52,0
O-1882,P-4,87,-1,6852.45,6499.83,1
O-1883,P-3,22,3,5756.25,5317.09,0
O-1884,P-4,129,0,2487.28,2277.28,1
O-1885,P-3,38,3,5852.44,6292.91,0
O-1886,P-4,35,0,6577.8,6695.27,1
O-1887,P-4,160,-1,2136.41,3041.27,1
O-1888,P-2,22,-1,5268.11,4886.84,1
O-1889,P-1,109,0,4974.49,5334.64,1
O-1890,P-3,46,-1,7184.74,7125.76,1
O-1891,P-3,98,2,7491.02,7103.79,0
O-1892,P-4,162,0,7199.5,7046.94,1
O-1893,P-4,123,2,4415.96,5323.25,0
O-1894,P-2,147,1,7952.9,8471.02,0
O-1895,P-4,161,1,6529.78,7462.12,0
O-1896,P-3,76,3,7850.06,8247.39,0
O-1897,P-1,131,3,6171.68,6333.79,0
O-1898,P-2,137,-1,4969.39,5267.69,1
O-1899,P-2,125,3,4391.56,4170.92,0
O-1900,P-4,107,-1,3677.58,3990.24,1
O-1901,P-2,73,3,6981.85,6815.15,0
O-1902,P-3,116,0,4421.91,4805.6,1
O-1903,P-1,54,3,7697.46,8035.49,0
O-1904,P-2,137,2,3194.89,3944.43,0
O-1905,P-4,124,1,2643.33,3236.73,0
O-1906,P-3,143,1,6658.0,6423.99,0
O-1907,P-2,113,3,2976.74,2682.01,0
O-1908,P-4,120,2,7898.92,8738.68,0
O-1909,P-3,71,-1,7912.32,7450.41,1
O-1910,P-2,52,1,2033.42,2043.31,0
O-1911,P-1,113,2,2864.43,3809.07,0
O-1912,P-4,121,1,7698.22,7302.61,0
O-1913,P-1,43,3,4262.94,3775.11,0
O-1914,P-4,110,-1,3061.65,2832.65,1
O-1915,P-2,113,-1,4294.48,4781.0,1
O-1916,P-4,134,2,7740.15,8629.28,0
O-1917,P-1,119,3,7380.24,7367.89,0
O-1918,P-4,117,2,7651.39,8007.96,0
O-1919,P-4,136,-1,3478.94,4330.55,1
O-1920,P-2,18,0,4382.79,5068.67,1
O-1921,P-4,51,3,3420.78,3723.26,0
O-1922,P-1,209,0,2137.04,1860.86,1
O-1923,P-2,154,-1,7953.07,7577.04,1
O-1924,P-2,64,2,2321.02,2729.78,0
O-1925,P-1,85,2,7552.9,8173.06,0
O-1926,P-1,158,1,2540.6,2074.66,0
O-1927,P-3,115,3,7967.4,7992.36,0
O-1928,P-3,117,-1,3652.77,3788.56,1
O-1929,P-2,152,2,2738.68,3160.06,0
O-1930,P-4,97,0,2758.9,2681.0,1
O-1931,P-1,157,-1,7447.88,7556.19,1
O-1932,P-1,47,0,3507.69,4270.06,1
O-1933,P-1,61,3,4695.95,4610.2,0
O-1934,P-3,113,1,2506.61,2769.15,0
O-1935,P-1,185,2,6224.39,5761.58,0
O-1936,P-3,151,1,5641.78,5376.66,0
O-1937,P-2,220,2,2601.0,3548.62,0
O-1938,P-4,86,3,6923.28,7267.66,0
O-1939,P-3,72,2,3191.98,3577.46,0
O-1940,P-1,136,2,3399.79,3161.08,0
O-1941,P-4,179,-1,4803.61,5076.97,1
O-1942,P-1,165,3,7384.68,7009.93,0
O-1943,P-1,173,-1,7680.82,8505.98,1
O-1944,P-1,65,2,4839.65,4480.2,0
O-1945,P-1,124,3,6357.23,6445.39,0
O-1946,P-1,190,3,4925.04,5436.33,0
O-1947,P-4,85,2,4302.38,4175.36,0
O-1948,P-4,124,0,5479.98,5344.72,1
O-1949,P-2,144,0,4371.13,4098.14,1
O-1950,P-1,116,1,6288.41,5950.35,0
O-1951,P-1,89,0,7438.57,7356.19,1
O-1952,P-2,58,-1,6533.63,6759.99,1
O-1953,P-1,125,2,5101.83,6094.74,0
O-1954,P-4,138,3,3963.96,4346.49,0
O-1955,P-1,76,1,4846.88,4980.6,0
O-1956,P-4,190,-1,4913.05,4486.78,1
O-1957,P-4,69,-1,6735.07,6628.27,1
O-1958,P-1,156,3,2785.13,3570.69,0
O-1959,P-4,134,3,7552.11,7065.84,0
O-1960,P-4,146,1,2166.49,1785.09,0
O-1961,P-4,82,3,6265.8,7253.26,0
O-1962,P-1,41,2,6382.68,7261.96,0
O-1963,P-4,86,1,2767.5,3275.12,0
O-1964,P-4,67,1,7073.06,6688.12,0
O-1965,P-1,155,0,3018.33,2805.77,1
O-1966,P-1,100,1,4319.68,5311.17,0
O-1967,P-3,160,3,4643.25,4900.98,0
O-1968,P-3,159,3,4850.67,5279.98,0
O-1969,P-2,178,2,3836.45,4814.38,0
O-1970,P-2,92,3,3050.18,2748.48,0
O-1971,P-1,24,3,5102.49,5374.52,0
O-1972,P-1,53,3,4603.82,4275.74,0
O-1973,P-1,141,-1,7386.45,7320.49,1
O-1974,P-4,68,2,2209.22,2007.05,0
O-1975,P-3,110,-1,4597.11,5442.44,1
O-1976,P-3,102,-1,5249.92,4900.78,1
O-1977,P-2,34,2,4330.49,4519.16,0
O-1978,P-4,139,0,4721.21,4337.51,1
O-1979,P-4,205,-1,6566.31,7536.91,1
O-1980,P-1,87,0,3780.79,4183.97,1
O-1981,P-4,42,3,5073.36,4685.03,0
O-1982,P-3,99,0,7069.53,6781.83,1
O-1983,P-3,88,0,7085.71,7290.71,1
O-1984,P-3,83,0,6133.08,6708.7,1
O-1985,P-3,57,-1,2697.01,2754.71,1
O-1986,P-3,74,0,2319.44,2673.71,1
O-1987,P-1,186,3,3362.02,3830.81,0
O-1988,P-2,157,3,3213.11,3179.39,0
O-1989,P-4,104,1,5144.11,5966.07,0
O-1990,P-4,153,0,7345.97,8242.39,1
O-1991,P-3,120,2,6228.13,6318.34,0
O-1992,P-2,105,2,5996.49,6396.62,0
O-1993,P-1,151,-1,3009.14,2544.83,1
O-1994,P-1,51,-1,2947.45,3073.97,1
O-1995,P-3,99,-1,2599.36,2763.77,1
O-1996,P-3,187,1,6637.17,6155.48,0
O-1997,P-4,95,3,7942.91,7948.13,0
O-1998,P-3,192,-1,7782.52,8136.61,1
O-1999,P-1,82,0,5005.72,5547.3,1
O-2000,P-3,122,2,3968.55,3795.5,0
O-2001,P-4,181,0,5766.42,6258.66,1
O-2002,P-1,75,3,3457.85,3185.05,0
O-2003,P-1,86,3,7143.26,7934.32,0
O-2004,P-2,132,2,5123.96,4740.57,0
O-2005,P-3,111,0,5882.21,6294.2,1
O-2006,P-1,204,2,3993.89,4319.79,0
O-2007,P-4,100,3,5284.93,5348.09,0
O-2008,P-3,137,0,2323.85,2650.65,1
O-2009,P-1,82,0,7547.33,8337.71,1
O-2010,P-1,122,0,2783.51,2941.87,1
O-2011,P-2,118,2,6093.09,6830.41,0
O-2012,P-1,78,3,6095.82,6815.25,0
O-2013,P-2,65,1,4351.29,4077.54,0
O-2014,P-3,138,2,5421.97,6128.24,0
O-2015,P-3,87,3,5405.32,5421.0,0
O-2016,P-4,104,1,5992.79,6872.24,0
O-2017,P-1,159,1,3582.02,3383.54,0
O-2018,P-3,60,0,6853.5,6714.83,1
O-2019,P-3,91,2,4408.26,4976.42,0
O-2020,P-3,44,1,3062.5,2990.83,0
O-2021,P-3,92,1,4382.45,5148.81,0
O-2022,P-1,179,1,6755.83,6491.95,0
O-2023,P-4,111,-1,4974.09,5270.34,1
O-2024,P-3,170,0,7335.08,7593.31,1
O-2025,P-2,118,2,5463.83,5564.29,0
O-2026,P-1,142,1,2218.2,3099.36,0
O-2027,P-2,39,3,6578.38,6872.01,0
O-2028,P-3,114,3,4063.82,4642.52,0
O-2029,P-4,129,2,3353.01,3192.97,0
O-2030,P-4,148,3,4286.8,3934.81,0
O-2031,P-2,96,1,4870.86,4857.33,0
O-2032,P-1,174,3,3071.83,4009.36,0
O-2033,P-4,118,3,4380.92,5070.39,0
O-2034,P-3,155,0,3047.09,3538.74,1
O-2035,P-3,116,3,7620.7,8110.23,0
O-2036,P-3,166,3,5545.61,5721.9,0
O-2037,P-2,111,-1,6373.78,6008.49,1
O-2038,P-4,185,0,2989.84,3225.66,1
O-2039,P-1,98,1,7644.23,8171.64,0
O-2040,P-3,112,-1,4111.84,3647.12,1
O-2041,P-1,163,2,5268.53,5912.3,0
O-2042,P-1,95,1,2138.32,2004.72,0
O-2043,P-2,107,1,3336.44,3145.27,0
O-2044,P-2,184,-1,5684.49,6558.74,1
O-2045,P-4,76,1,6750.24,6708.27,0
O-2046,P-3,161,2,5154.95,5668.98,0
O-2047,P-4,64,-1,2774.53,3311.44,1
O-2048,P-3,143,3,2223.75,1738.99,0
O-2049,P-2,134,-1,6403.03,6595.24,1
O-2050,P-4,85,-1,6234.9,6563.73,1
O-2051,P-3,101,0,2200.91,2073.9,1
O-2052,P-3,120,3,5313.01,6165.42,0
O-2053,P-1,80,0,3812.59,4574.8,1
O-2054,P-3,48,0,3206.25,3486.72,1
O-2055,P-1,97,0,4449.75,4611.21,1
O-2056,P-4,113,1,2469.45,3324.72,0
O-2057,P-3,113,-1,2545.2,3121.75,1
O-2058,P-4,81,1,2635.23,3315.22,0
O-2059,P-2,207,0,5592.78,6296.78,1
O-2060,P-2,61,3,2598.38,2225.18,0
O-2061,P-4,195,-1,5589.59,5618.37,1
O-2062,P-1,70,2,3321.87,3503.48,0
O-2063,P-3,186,3,7856.97,7798.61,0
O-2064,P-3,125,1,2428.23,3077.36,0
O-2065,P-4,189,2,3109.92,3991.84,0
O-2066,P-1,44,-1,5436.23,6327.4,1
O-2067,P-4,91,3,4615.35,4810.26,0
O-2068,P-1,88,3,2582.58,2389.72,0
O-2069,P-2,92,0,4232.68,4176.79,1
O-2070,P-4,65,1,4336.78,5320.01,0
O-2071,P-2,73,2,5574.76,6161.09,0
O-2072,P-2,196,-1,3705.93,4123.53,1
O-2073,P-1,68,3,5910.13,6180.66,0
O-2074,P-4,135,0,5235.45,5025.54,1
O-2075,P-2,184,2,2357.85,2455.01,0
O-2076,P-2,124,3,7299.64,8244.85,0
O-2077,P-1,110,0,7400.41,7975.75,1
O-2078,P-1,136,2,4534.95,4978.67,0
O-2079,P-2,146,-1,7509.33,8051.52,1
O-2080,P-4,112,1,6582.32,6999.77,0
O-2081,P-2,166,-1,6429.04,7258.93,1
O-2082,P-4,105,2,5319.47,5712.4,0
O-2083,P-2,202,2,4392.01,4764.3,0
O-2084,P-2,147,0,2837.25,3025.27,1
O-2085,P-3,179,3,3979.28,3936.96,0
O-2086,P-1,121,1,2003.79,1572.68,0
O-2087,P-3,85,3,6952.81,7920.93,0
O-2088,P-1,108,-1,4566.36,5399.19,1
O-2089,P-2,119,2,2989.01,3899.01,0
O-2090,P-4,73,0,5653.93,5651.61,1
O-2091,P-3,62,1,3957.55,3602.13,0
O-2092,P-3,80,-1,6446.13,6537.71,1
O-2093,P-2,101,1,3025.82,3402.5,0
O-2094,P-3,89,1,4179.64,4578.57,0
O-2095,P-2,170,-1,2714.49,3085.36,1
O-2096,P-1,193,-1,6130.29,5989.76,1
O-2097,P-2,77,0,3711.45,4043.73,1
O-2098,P-4,110,-1,5071.3,5866.52,1
O-2099,P-1,52,3,3346.9,4067.35,0
O-2100,P-3,114,3,3367.25,2892.69,0
O-2101,P-3,173,3,5497.03,5654.09,0
O-2102,P-1,192,2,3795.44,4106.11,0
O-2103,P-3,73,0,7892.26,7549.48,1
O-2104,P-1,174,1,6427.33,6853.12,0
O-2105,P-2,120,1,7767.11,7284.94,0
O-2106,P-2,46,2,5877.91,5850.63,0
O-2107,P-1,115,1,3239.5,2844.02,0
O-2108,P-2,146,3,5759.79,6076.62,0
O-2109,P-3,58,0,4080.3,4896.13,1
O-2110,P-2,79,3,4459.16,4473.83,0
O-2111,P-4,106,1,5212.48,5939.68,0
O-2112,P-1,163,2,4533.32,5433.76,0
O-2113,P-2,34,-1,4971.78,4861.97,1
O-2114,P-3,109,3,7075.15,6760.08,0
O-2115,P-3,108,3,3233.28,3438.12,0
O-2116,P-1,135,3,3158.01,3896.87,0
O-2117,P-2,182,-1,6344.97,6379.12,1
O-2118,P-4,105,0,2356.98,2581.06,1
O-2119,P-4,92,0,4239.17,5226.95,1
O-2120,P-2,140,-1,3154.51,3228.37,1
O-2121,P-4,64,3,4345.54,5049.42,0
O-2122,P-1,177,-1,4969.6,4674.44,1
O-2123,P-1,28,3,6459.47,6668.39,0
O-2124,P-3,79,3,4843.77,4353.2,0
O-2125,P-3,171,-1,4053.93,3875.94,1
O-2126,P-4,63,0,5849.32,5879.0,1
O-2127,P-3,49,3,4293.59,3990.71,0
O-2128,P-4,52,3,3283.36,3352.41,0
O-2129,P-2,164,1,4623.1,4188.52,0
O-2130,P-2,180,3,4694.28,5620.16,0
O-2131,P-2,68,0,4155.68,4148.96,1
O-2132,P-3,170,-1,5096.95,5454.56,1
O-2133,P-1,185,0,6452.99,6825.95,1
O-2134,P-3,168,0,2303.97,3186.01,1
O-2135,P-2,39,-1,6165.82,6160.41,1
O-2136,P-1,166,2,4678.87,4741.46,0
O-2137,P-2,68,-1,6238.04,6546.65,1
O-2138,P-3,80,1,3572.48,3559.62,0
O-2139,P-2,44,0,7954.94,8294.96,1
O-2140,P-2,101,-1,2364.99,2767.41,1
O-2141,P-2,135,0,5406.79,6392.1,1
O-2142,P-3,106,1,6352.44,7308.41,0
O-2143,P-3,79,0,4195.71,4774.48,1
O-2144,P-1,189,0,6009.07,5783.98,1
O-2145,P-3,122,2,5063.82,5830.28,0
O-2146,P-3,95,3,7841.33,7529.66,0
O-2147,P-4,108,1,4141.5,4503.75,0
O-2148,P-1,143,-1,4781.6,4285.38,1
O-2149,P-2,54,2,4083.9,3731.41,0
O-2150,P-3,137,-1,5667.8,6594.39,1
O-2151,P-4,32,-1,5304.55,5692.89,1
O-2152,P-4,158,3,2273.52,2897.34,0
O-2153,P-3,91,-1,7749.23,7760.32,1
O-2154,P-4,136,0,2671.71,2794.96,1
O-2155,P-2,178,0,4033.09,3873.12,1
O-2156,P-1,58,0,6014.78,5954.52,1
O-2157,P-4,153,-1,6805.08,7328.44,1
O-2158,P-3,18,2,4330.37,3836.99,0
O-2159,P-2,86,3,2141.51,2093.65,0
O-2160,P-2,79,3,4425.68,5116.96,0
O-2161,P-1,104,3,3920.34,3790.51,0
O-2162,P-3,26,2,4173.68,3905.83,0
O-2163,P-3,64,0,4148.62,4310.93,1
O-2164,P-3,118,0,4920.06,4880.4,1
O-2165,P-3,154,3,3557.36,4184.97,0
O-2166,P-4,120,0,4869.41,4470.81,1
O-2167,P-3,108,-1,7375.53,7916.65,1
O-2168,P-3,58,3,3200.09,3327.27,0
O-2169,P-3,36,2,4065.57,3803.75,0
O-2170,P-2,96,0,7662.16,7383.0,1
O-2171,P-4,165,-1,2945.69,3770.25,1
O-2172,P-3,113,3,2177.53,1947.8,0
O-2173,P-4,84,2,7529.55,8238.89,0
O-2174,P-1,110,0,7500.92,7566.02,1
O-2175,P-2,164,-1,7285.86,7709.53,1
O-2176,P-4,204,0,5913.3,5861.0,1
O-2177,P-3,205,1,3588.65,4212.03,0
O-2178,P-3,30,0,5273.84,5771.5,1
O-2179,P-3,62,3,3040.12,2775.44,0
O-2180,P-2,53,0,3702.08,4396.4,1
O-2181,P-2,56,0,2793.58,3511.35,1
O-2182,P-3,68,1,7446.04,7863.63,0
O-2183,P-4,161,2,5845.5,6195.04,0
O-2184,P-2,137,0,7129.83,7040.93,1
O-2185,P-2,81,-1,5959.07,6778.11,1
O-2186,P-3,122,1,2602.21,3061.98,0
O-2187,P-2,92,0,7824.49,8077.07,1
O-2188,P-1,174,2,7283.77,7920.1,0
O-2189,P-1,170,2,7300.52,7300.84,0
O-2190,P-3,107,3,4893.53,5381.22,0
O-2191,P-4,146,-1,4116.01,4809.73,1
O-2192,P-3,48,1,5418.39,5180.89,0
O-2193,P-1,134,-1,4581.85,4359.52,1
O-2194,P-1,65,0,2961.93,3716.46,1
O-2195,P-1,181,2,2665.38,3193.01,0
O-2196,P-3,131,0,4541.96,4709.0,1
O-2197,P-4,115,2,7632.15,8205.27,0
O-2198,P-4,98,1,5742.05,5309.55,0
O-2199,P-1,94,-1,3722.19,3550.98,1
O-2200,P-4,170,3,4153.61,4093.74,0
O-2201,P-3,139,-1,7875.52,7380.34,1
O-2202,P-2,181,3,5489.31,5319.87,0
O-2203,P-4,167,1,4742.22,4836.49,0
O-2204,P-4,73,-1,5954.73,6778.13,1
O-2205,P-4,141,-1,5898.87,6655.31,1
O-2206,P-3,156,3,2162.3,2386.87,0
O-2207,P-2,168,-1,6626.58,6804.76,1
O-2208,P-1,134,1,7924.47,7460.58,0
O-2209,P-1,165,-1,6096.76,6260.93,1
O-2210,P-2,166,3,4943.23,5286.01,0
O-2211,P-1,199,1,3237.48,3780.66,0
O-2212,P-1,90,2,5592.89,5188.15,0
O-2213,P-2,135,0,4795.45,5103.62,1
O-2214,P-2,136,3,3971.41,3770.98,0
O-2215,P-4,185,-1,4725.57,4828.74,1
O-2216,P-3,122,3,5849.52,6049.91,0
O-2217,P-1,46,0,5344.82,5640.4,1
O-2218,P-4,149,3,5851.55,5852.56,0
O-2219,P-2,63,-1,7632.73,7367.05,1
O-2220,P-4,108,-1,7509.74,7450.21,1
O-2221,P-4,155,0,6962.41,6870.38,1
O-2222,P-3,152,0,2230.64,2335.49,1
O-2223,P-3,169,1,3107.11,4048.98,0
O-2224,P-4,159,3,3292.02,3919.26,0
O-2225,P-4,85,0,5139.54,5939.94,1
O-2226,P-1,173,-1,3784.95,4263.51,1
O-2227,P-2,128,-1,5099.52,5461.89,1
O-2228,P-4,71,1,5726.51,6290.64,0
O-2229,P-4,183,3,7492.24,7844.82,0
O-2230,P-3,88,-1,5431.23,6398.49,1
O-2231,P-2,91,1,5939.89,6163.13,0
O-2232,P-2,124,-1,7795.99,7515.91,1
O-2233,P-2,13,1,7079.77,7009.69,0
O-2234,P-2,174,2,6664.35,7076.8,0
O-2235,P-2,56,1,5350.07,5381.1,0
O-2236,P-3,148,0,7530.95,7101.29,1
O-2237,P-1,206,-1,5625.24,6307.93,1
O-2238,P-4,11,3,5770.05,6310.11,0
O-2239,P-3,181,0,6334.25,6348.07,1
O-2240,P-3,36,3,5579.49,5141.03,0
O-2241,P-2,122,3,5365.26,5379.63,0
O-2242,P-3,151,3,4856.29,5784.25,0
O-2243,P-2,120,-1,6375.17,6740.04,1
O-2244,P-4,206,-1,2098.66,2159.62,1
O-2245,P-1,39,2,2264.1,2860.5,0
O-2246,P-1,126,-1,4189.02,3723.98,1
O-2247,P-3,114,3,2798.29,3748.8,0
O-2248,P-2,49,1,5082.77,4769.3,0
O-2249,P-2,169,0,2896.45,3136.44,1
O-2250,P-1,127,2,4693.46,5153.98,0
O-2251,P-3,50,-1,3382.4,3971.15,1
O-2252,P-1,173,0,5544.38,5505.77,1
O-2253,P-3,111,-1,4608.36,5223.75,1
O-2254,P-2,114,2,4245.53,4448.59,0
O-2255,P-3,108,-1,4594.92,4457.76,1
O-2256,P-2,162,0,3440.44,3186.24,1
O-2257,P-2,40,0,6116.06,5648.6,1
O-2258,P-2,154,-1,7336.75,6850.39,1
O-2259,P-4,77,3,5306.68,5138.39,0
O-2260,P-2,207,2,3222.51,2835.66,0
O-2261,P-4,157,-1,5686.18,5440.38,1
O-2262,P-4,182,2,5038.04,5180.08,0
O-2263,P-2,151,3,7298.23,7991.43,0
O-2264,P-2,184,3,5592.45,6151.55,0
O-2265,P-3,79,0,6471.81,7434.85,1
O-2266,P-1,130,1,6198.82,5972.5,0
O-2267,P-3,145,2,2385.28,2655.37,0
O-2268,P-4,86,-1,6185.17,7166.34,1
O-2269,P-3,90,3,3156.79,3674.2,0
O-2270,P-1,113,-1,4512.17,4546.66,1
O-2271,P-4,48,0,4821.56,4733.46,1
O-2272,P-2,125,1,2639.07,2401.76,0
O-2273,P-2,125,1,6381.14,6560.09,0
O-2274,P-2,131,-1,2182.38,2595.45,1
O-2275,P-1,93,0,2657.1,2700.97,1
O-2276,P-4,151,0,6060.98,6893.39,1
O-2277,P-2,84,-1,7468.09,7868.79,1
O-2278,P-2,114,2,5195.54,5385.95,0
O-2279,P-2,118,2,5423.31,5162.07,0
O-2280,P-3,61,0,7095.84,7261.02,1
O-2281,P-1,128,0,6673.64,7503.17,1
O-2282,P-2,52,-1,5748.04,6666.8,1
O-2283,P-4,49,1,5485.55,6040.45,0
O-2284,P-1,197,1,4964.68,4551.8,0
O-2285,P-2,94,0,6111.49,6209.38,1
O-2286,P-1,64,3,5064.46,4765.18,0
O-2287,P-1,114,2,4325.73,4735.77,0
O-2288,P-4,115,1,7173.51,7847.92,0
O-2289,P-2,140,1,4639.87,5497.47,0
O-2290,P-2,141,3,7831.15,7798.19,0
O-2291,P-3,152,1,6461.93,6836.1,0
O-2292,P-3,85,2,2148.44,2790.36,0
O-2293,P-2,139,-1,5493.75,5741.08,1
O-2294,P-2,127,1,3359.83,3309.96,0
O-2295,P-4,196,2,3060.12,2743.62,0
O-2296,P-1,146,0,2461.54,2958.15,1
O-2297,P-3,68,1,6865.17,6796.87,0
O-2298,P-2,184,-1,6242.48,6023.23,1
O-2299,P-4,67,2,3043.38,3968.57,0
O-2300,P-1,147,2,5703.18,5227.4,0
O-2301,P-4,155,0,6661.18,6686.87,1
O-2302,P-1,131,0,5405.67,6079.11,1
O-2303,P-2,197,3,3297.99,4085.46,0
O-2304,P-2,214,0,5200.67,5504.59,1
O-2305,P-3,185,1,4145.59,3817.28,0
O-2306,P-1,147,2,2568.55,2360.03,0
O-2307,P-2,149,-1,3501.02,3650.72,1
O-2308,P-4,61,2,3984.01,4165.22,0
O-2309,P-2,83,-1,2199.44,1976.47,1
O-2310,P-3,129,-1,6729.57,6270.53,1
O-2311,P-2,83,3,2814.1,2519.05,0
O-2312,P-3,183,-1,2683.23,2494.83,1
O-2313,P-3,101,3,6994.42,7112.0,0
O-2314,P-3,42,3,3159.96,2920.76,0
O-2315,P-2,142,1,4007.65,3774.0,0
O-2316,P-4,161,3,3800.88,3700.78,0
O-2317,P-3,159,0,2763.69,3214.38,1
O-2318,P-4,156,-1,5845.72,6640.84,1
O-2319,P-3,183,-1,6708.75,6798.69,1
O-2320,P-1,71,-1,4361.91,5034.33,1
O-2321,P-2,161,-1,5217.83,5353.25,1
O-2322,P-2,140,3,4381.16,4366.13,0
O-2323,P-3,163,0,2068.09,2161.21,1
O-2324,P-4,72,-1,6091.57,6417.63,1
O-2325,P-2,83,3,6568.51,6190.47,0
O-2326,P-4,118,3,6370.22,7302.74,0
O-2327,P-1,95,-1,2285.36,2252.69,1
O-2328,P-4,151,-1,3546.9,4389.88,1
O-2329,P-2,42,-1,7024.0,7916.21,1
O-2330,P-1,173,3,7978.15,7933.33,0
O-2331,P-4,145,3,4858.62,5123.73,0
O-2332,P-1,43,-1,3015.92,3478.04,1
O-2333,P-3,149,-1,5287.21,6008.43,1
O-2334,P-1,134,2,4555.51,4962.27,0
O-2335,P-3,82,1,7319.08,8096.69,0
O-2336,P-3,139,2,2498.02,3286.55,0
O-2337,P-4,115,-1,2020.58,2477.84,1
O-2338,P-1,113,0,5009.01,4675.99,1
O-2339,P-3,100,0,7999.54,8386.12,1
O-2340,P-4,153,0,6002.08,6741.14,1
O-2341,P-2,215,2,5145.15,4688.97,0
O-2342,P-3,135,3,3727.47,4060.98,0
O-2343,P-2,97,-1,4787.95,5165.72,1
O-2344,P-2,19,1,5554.14,5513.23,0
O-2345,P-4,124,3,4263.57,4855.4,0
O-2346,P-4,86,2,4509.53,4849.74,0
O-2347,P-3,176,3,3616.12,3805.87,0
O-2348,P-2,116,-1,2480.1,3044.26,1
O-2349,P-1,126,-1,3044.7,3293.18,1
O-2350,P-2,167,1,7089.94,7073.18,0
O-2351,P-2,42,-1,2947.59,3175.65,1
O-2352,P-2,162,2,7150.63,7901.95,0
O-2353,P-2,183,0,2270.5,1913.33,1
O-2354,P-4,74,0,4581.72,4646.89,1
O-2355,P-3,76,0,3713.93,4383.38,1
O-2356,P-1,123,0,2077.09,2687.23,1
O-2357,P-4,43,0,5888.62,6528.12,1
O-2358,P-4,181,0,2415.48,2086.3,1
O-2359,P-4,109,0,2738.63,2772.23,1
O-2360,P-2,104,1,2240.25,3148.69,0
O-2361,P-1,131,3,5675.63,5365.84,0
O-2362,P-4,59,0,2565.49,3233.9,1
O-2363,P-4,93,1,3323.64,4035.34,0
O-2364,P-4,101,2,3672.09,4375.34,0
O-2365,P-4,179,-1,6910.54,6491.89,1
O-2366,P-2,129,1,2785.94,2451.31,0
O-2367,P-1,59,1,6188.69,5766.6,0
O-2368,P-2,106,-1,3899.94,4476.59,1
O-2369,P-2,151,0,6930.24,7691.76,1
O-2370,P-2,113,2,7631.03,8168.04,0
O-2371,P-3,125,2,2682.35,2464.05,0
O-2372,P-1,186,2,5245.36,4818.54,0
O-2373,P-1,139,2,2455.09,2275.46,0
O-2374,P-4,125,0,5746.79,5264.82,1
O-2375,P-4,173,2,7384.75,7675.42,0
O-2376,P-4,157,2,4137.49,4741.25,0
O-2377,P-3,64,1,4531.89,4691.49,0
O-2378,P-2,131,-1,7432.53,7983.13,1
O-2379,P-4,160,0,3227.05,4078.48,1
O-2380,P-3,179,1,7809.68,7316.31,0
O-2381,P-1,86,2,7272.92,7524.81,0
O-2382,P-1,82,0,2844.87,2787.67,1
O-2383,P-4,145,3,4257.19,4821.86,0
O-2384,P-4,131,3,2968.86,3705.04,0
O-2385,P-2,103,0,4751.93,4794.7,1
O-2386,P-1,129,-1,6253.04,7117.34,1
O-2387,P-2,99,0,3911.87,4173.27,1
O-2388,P-4,119,2,6072.67,5932.77,0
O-2389,P-4,65,2,7149.87,7538.24,0
O-2390,P-2,129,-1,2516.1,2052.23,1
O-2391,P-1,63,2,2536.45,2123.77,0
O-2392,P-1,86,1,4010.62,4831.79,0
O-2393,P-2,78,2,5071.07,5787.23,0
O-2394,P-3,154,-1,2218.02,2241.3,1
O-2395,P-4,161,1,5638.42,5849.98,0
O-2396,P-4,189,3,7561.02,7709.68,0
O-2397,P-2,179,2,4663.12,5409.32,0
O-2398,P-3,122,3,5393.6,5052.86,0
O-2399,P-4,97,1,2175.96,1784.62,0
O-2400,P-2,85,3,5889.72,6651.99,0
O-2401,P-2,21,2,7954.51,8394.2,0
O-2402,P-3,118,1,4409.0,4873.69,0
O-2403,P-1,60,0,7642.52,8361.1,1
O-2404,P-3,117,2,3830.45,4749.51,0
O-2405,P-4,165,1,3684.12,4167.09,0
O-2406,P-2,126,0,6992.75,6816.5,1
O-2407,P-4,173,1,6638.84,7114.51,0
O-2408,P-4,76,1,7967.16,7514.98,0
O-2409,P-4,158,-1,4681.02,5553.04,1
O-2410,P-1,54,3,4126.08,4640.96,0
O-2411,P-2,105,1,6503.58,6934.24,0
O-2412,P-1,88,1,7042.96,7113.42,0
O-2413,P-3,47,-1,5507.6,5493.87,1
O-2414,P-4,126,-1,4733.77,4604.95,1
O-2415,P-3,158,2,5154.31,5421.06,0
O-2416,P-4,135,-1,6468.39,7379.93,1
O-2417,P-4,37,0,3851.46,3867.69,1
O-2418,P-4,157,0,2642.4,2525.43,1
O-2419,P-1,112,1,5128.02,5688.89,0
O-2420,P-1,177,1,2882.46,3259.28,0
O-2421,P-2,89,-1,6386.93,6620.69,1
O-2422,P-3,161,-1,2821.45,3092.22,1
O-2423,P-1,48,-1,6853.19,6619.56,1
O-2424,P-2,73,3,6567.39,6138.24,0
O-2425,P-4,40,0,5250.22,4894.61,1
O-2426,P-3,73,-1,2958.1,2462.48,1
O-2427,P-2,37,2,5224.83,5739.94,0
O-2428,P-3,73,-1,2776.41,2661.88,1
O-2429,P-3,218,-1,2485.56,2150.75,1
O-2430,P-4,117,-1,4721.12,4968.89,1
O-2431,P-4,163,-1,6453.11,7100.48,1
O-2432,P-4,100,0,6124.34,7015.78,1
O-2433,P-4,97,-1,4496.58,4141.72,1
O-2434,P-1,209,-1,4329.79,4395.45,1
O-2435,P-2,76,3,6373.62,6908.76,0
O-2436,P-1,29,0,2386.48,3248.24,1
O-2437,P-2,211,-1,5218.84,5388.37,1
O-2438,P-3,100,1,2638.73,2325.09,0
O-2439,P-1,62,2,7958.92,7759.09,0
O-2440,P-4,192,2,5443.75,6281.21,0
O-2441,P-2,111,-1,7946.65,7968.74,1
O-2442,P-2,105,-1,6135.48,6887.67,1
O-2443,P-3,65,3,4890.97,4808.65,0
O-2444,P-1,107,1,6992.43,7793.9,0
O-2445,P-4,74,3,3402.53,3373.46,0
O-2446,P-3,102,2,7488.0,7036.17,0
O-2447,P-1,180,3,7605.83,7785.06,0
O-2448,P-2,104,-1,6864.55,6456.55,1
O-2449,P-1,133,1,2944.05,2863.32,0
O-2450,P-1,95,-1,2618.3,2860.79,1
O-2451,P-3,58,-1,4313.26,3927.4,1
O-2452,P-2,77,2,6652.21,7006.98,0
O-2453,P-2,72,1,4547.84,4314.35,0
O-2454,P-2,64,3,7415.18,7296.78,0
O-2455,P-2,143,1,6927.15,6459.71,0
O-2456,P-4,144,1,5605.64,6364.9,0
O-2457,P-2,137,3,7607.37,8586.3,0
O-2458,P-3,72,-1,5505.45,5132.96,1
O-2459,P-3,185,2,2000.31,2008.37,0
O-2460,P-3,122,3,2111.88,3076.49,0
O-2461,P-2,190,0,2432.61,3179.77,1
O-2462,P-2,51,2,7247.27,7198.55,0
O-2463,P-4,72,0,6320.54,5947.41,1
O-2464,P-2,72,2,6553.92,6127.08,0
O-2465,P-2,119,1,6483.25,7061.35,0
O-2466,P-4,180,2,7198.32,7389.8,0
O-2467,P-4,160,1,5900.38,6811.8,0
O-2468,P-3,32,3,2150.13,2958.31,0
O-2469,P-2,44,0,5731.94,5319.22,1
O-2470,P-3,108,1,5152.0,6089.89,0
O-2471,P-2,211,-1,4798.49,5581.69,1
O-2472,P-3,83,3,7961.71,7591.86,0
O-2473,P-4,103,-1,5066.73,5570.12,1
O-2474,P-4,73,2,2100.66,2563.52,0
O-2475,P-2,79,1,5738.85,5872.35,0
O-2476,P-4,91,0,5310.58,6067.59,1
O-2477,P-3,85,1,7580.14,8199.6,0
O-2478,P-4,23,0,7816.25,8694.26,1
O-2479,P-3,96,3,6162.6,6396.04,0
O-2480,P-1,165,2,6547.39,6314.11,0
O-2481,P-1,99,2,2762.81,3172.86,0
O-2482,P-2,38,0,7427.62,7370.41,1
O-2483,P-3,13,-1,2353.32,2314.29,1
O-2484,P-4,71,2,3953.22,4782.74,0
O-2485,P-3,102,3,4516.11,4173.07,0
O-2486,P-2,78,0,6945.36,7832.94,1
O-2487,P-4,57,3,2066.73,2419.78,0
O-2488,P-4,139,2,5694.11,6296.63,0
O-2489,P-3,140,-1,7481.17,8402.76,1
O-2490,P-2,107,1,6155.54,6566.02,0
O-2491,P-3,166,2,4588.49,4290.3,0
O-2492,P-4,74,2,7060.08,6594.63,0
O-2493,P-3,115,0,2727.52,3309.07,1
O-2494,P-3,212,-1,3400.15,3560.9,1
O-2495,P-2,156,2,7187.19,7825.9,0
O-2496,P-2,166,-1,5161.65,4893.04,1
O-2497,P-4,133,2,6810.26,6638.48,0
O-2498,P-3,133,3,3647.23,4210.04,0
O-2499,P-2,162,3,3543.03,3379.06,0
O-2500,P-1,116,-1,4105.77,4362.25,1
O-2501,P-3,82,3,3831.86,4326.09,0
O-2502,P-3,47,1,3179.21,3129.23,0
O-2503,P-4,150,1,4070.3,4448.96,0
O-2504,P-4,83,0,7551.07,8329.92,1
O-2505,P-3,117,0,7276.87,8200.75,1
O-2506,P-4,134,0,3558.93,4472.52,1
O-2507,P-4,77,3,4736.51,4798.48,0
O-2508,P-2,179,3,5104.1,5570.24,0
O-2509,P-1,148,1,3335.93,3984.68,0
O-2510,P-2,101,2,7190.77,7209.43,0
O-2511,P-3,164,1,6911.88,7400.77,0
O-2512,P-4,143,1,5203.8,6017.1,0
O-2513,P-3,170,1,6997.19,7040.38,0
O-2514,P-3,112,1,3803.5,4001.02,0
O-2515,P-4,83,3,5109.21,4934.34,0
O-2516,P-4,67,-1,6547.87,6705.36,1
O-2517,P-4,90,0,6495.57,6543.32,1
O-2518,P-2,54,3,4934.3,5115.98,0
O-2519,P-3,140,-1,7464.65,7429.48,1
O-2520,P-2,67,3,6221.56,7002.79,0
O-2521,P-4,140,1,3423.71,4017.9,0
O-2522,P-1,88,0,7200.42,7908.08,1
O-2523,P-3,100,2,3085.18,3614.84,0
O-2524,P-3,168,-1,2866.31,2675.43,1
O-2525,P-3,166,0,2167.41,1779.16,1
O-2526,P-1,114,-1,2009.72,2232.24,1
O-2527,P-4,22,3,4899.1,5380.41,0
O-2528,P-4,70,0,3357.13,4097.8,1
O-2529,P-3,205,3,6707.76,6583.02,0
O-2530,P-1,185,3,4382.64,4699.88,0
O-2531,P-2,38,2,3045.39,3180.56,0
O-2532,P-2,90,1,2025.57,2068.7,0
O-2533,P-2,89,1,2903.25,3217.87,0
O-2534,P-2,138,2,2195.95,2312.16,0
O-2535,P-4,184,0,3253.0,3425.33,1
O-2536,P-4,147,1,7056.55,7515.13,0
O-2537,P-4,131,1,5519.89,6071.25,0
O-2538,P-3,76,1,4481.34,4157.39,0
O-2539,P-3,81,3,2998.52,3523.21,0
O-2540,P-3,146,3,2406.08,2685.18,0
O-2541,P-4,169,3,4257.49,4502.99,0
O-2542,P-2,150,0,5964.13,5512.85,1
O-2543,P-2,60,1,2135.35,2237.05,0
O-2544,P-3,69,1,2542.06,2800.83,0
O-2545,P-3,115,3,3000.31,3025.4,0
O-2546,P-3,67,2,2164.48,1935.12,0
O-2547,P-1,96,3,5395.16,6060.26,0
O-2548,P-3,108,3,3802.5,3943.17,0
O-2549,P-1,41,0,2882.84,2621.66,1
O-2550,P-4,178,-1,4434.74,4132.15,1
O-2551,P-4,77,-1,5207.32,5857.82,1
O-2552,P-2,59,1,7866.94,7597.23,0
O-2553,P-4,147,3,5655.83,6426.36,0
O-2554,P-1,87,3,6988.04,7351.06,0
O-2555,P-3,173,2,5609.25,6569.64,0
O-2556,P-2,163,2,5607.74,5883.44,0
O-2557,P-4,89,0,3782.4,4235.43,1
O-2558,P-4,182,0,7009.51,7429.59,1
O-2559,P-4,81,-1,4513.7,4545.2,1
O-2560,P-2,91,0,6691.34,6537.73,1
O-2561,P-2,149,1,4948.05,5747.48,0
O-2562,P-2,109,0,7004.38,7948.62,1
O-2563,P-1,159,0,4789.84,5458.9,1
O-2564,P-1,153,1,4709.66,4943.0,0
O-2565,P-2,178,2,6868.55,6770.01,0
O-2566,P-1,136,1,5347.62,5181.27,0
O-2567,P-2,88,-1,7914.56,8049.21,1
O-2568,P-3,51,1,7495.13,7594.77,0
O-2569,P-3,90,1,7372.17,8098.9,0
O-2570,P-3,154,2,7066.88,7800.32,0
O-2571,P-1,115,1,7364.82,7453.32,0
O-2572,P-1,26,1,3895.66,3409.55,0
O-2573,P-4,150,0,6156.38,6290.07,1
O-2574,P-4,152,3,2229.59,2928.46,0
O-2575,P-3,169,-1,4004.43,4104.82,1
O-2576,P-4,149,-1,4684.57,5132.98,1
O-2577,P-1,99,3,5849.26,5869.28,0
O-2578,P-4,161,2,2410.27,2752.05,0
O-2579,P-3,56,-1,3257.05,4155.05,1
O-2580,P-2,193,0,4271.17,4802.44,1
O-2581,P-4,123,0,7731.83,7666.94,1
O-2582,P-1,89,3,3859.14,3505.24,0
O-2583,P-1,124,1,4950.31,5910.8,0
O-2584,P-4,83,3,2871.63,2604.43,0
O-2585,P-2,186,2,4156.55,4645.49,0
O-2586,P-2,55,-1,7098.8,6925.06,1
O-2587,P-4,61,2,3816.48,3549.42,0
O-2588,P-2,55,1,3358.18,2968.69,0
O-2589,P-3,80,-1,4725.2,5398.97,1
O-2590,P-2,97,2,2380.34,1948.24,0
O-2591,P-1,198,0,5817.09,5984.49,1
O-2592,P-3,128,2,2130.69,1787.54,0
O-2593,P-3,167,-1,3288.77,4278.46,1
O-2594,P-2,145,0,7780.83,7387.04,1
O-2595,P-1,106,-1,7978.7,8382.54,1
O-2596,P-3,185,2,7260.88,7328.74,0
O-2597,P-2,92,-1,4667.09,5591.62,1
O-2598,P-1,39,3,7956.2,7873.25,0
O-2599,P-3,132,0,5981.55,6577.17,1
O-2600,P-2,109,3,5759.05,6728.97,0
O-2601,P-1,206,1,7574.57,7368.68,0
O-2602,P-2,64,-1,3640.88,3442.02,1
O-2603,P-1,114,-1,4331.49,4339.99,1
O-2604,P-4,102,1,7081.73,6927.89,0
O-2605,P-4,79,1,4336.58,3916.97,0
O-2606,P-1,51,1,7685.35,8468.47,0
O-2607,P-3,208,0,2368.17,2866.14,1
O-2608,P-4,63,0,6632.6,6928.06,1
O-2609,P-3,44,-1,3137.5,3030.2,1
O-2610,P-1,180,0,6689.31,7188.95,1
O-2611,P-4,83,2,7073.96,6822.08,0
O-2612,P-3,56,-1,6698.92,6532.76,1
O-2613,P-1,34,2,5183.88,6077.49,0
O-2614,P-4,191,2,3298.18,3083.57,0
O-2615,P-4,66,1,6581.85,6183.02,0
O-2616,P-2,150,2,4357.67,4837.07,0
O-2617,P-2,96,-1,5468.22,5217.41,1
O-2618,P-2,152,3,3030.59,3192.66,0
O-2619,P-2,170,0,3520.31,4030.44,1
O-2620,P-4,118,1,6106.59,5635.82,0
O-2621,P-2,52,-1,4510.05,5504.1,1
O-2622,P-1,217,2,5445.89,6416.81,0
O-2623,P-2,78,2,3492.38,4279.57,0
O-2624,P-3,38,1,2599.11,3192.41,0
O-2625,P-1,130,1,5691.64,6658.98,0
O-2626,P-3,135,-1,5019.29,5341.66,1
O-2627,P-1,131,3,6629.53,6259.94,0
O-2628,P-2,139,3,2119.23,2981.94,0
O-2629,P-1,120,1,5577.54,5349.11,0
O-2630,P-1,91,-1,6551.58,6753.18,1
O-2631,P-3,137,0,6659.53,6461.66,1
O-2632,P-4,126,3,6121.15,7002.17,0
O-2633,P-4,198,-1,3267.46,3782.6,1
O-2634,P-4,17,0,6270.59,7115.41,1
O-2635,P-3,113,1,7099.99,6664.81,0
O-2636,P-3,166,2,3496.91,3866.52,0
O-2637,P-4,97,1,4270.5,4559.87,0
O-2638,P-1,113,1,4951.58,5253.48,0
O-2639,P-3,74,3,7723.61,7723.16,0
O-2640,P-4,42,1,5738.41,5472.22,0
O-2641,P-4,64,1,7920.17,7483.02,0
O-2642,P-3,66,0,5306.07,5179.99,1
O-2643,P-4,125,0,4188.07,4132.13,1
O-2644,P-3,197,1,4998.33,5229.26,0
O-2645,P-4,156,-1,6165.69,6902.9,1
O-2646,P-1,17,1,4402.47,4589.34,0
O-2647,P-2,104,1,4618.54,4831.97,0
O-2648,P-2,22,0,2014.67,2020.43,1
O-2649,P-2,187,0,6676.42,6649.75,1
O-2650,P-2,166,-1,7885.1,7636.22,1
O-2651,P-3,144,2,7316.7,8242.91,0
O-2652,P-4,105,1,2021.62,2566.94,0
O-2653,P-4,81,0,5134.72,5828.07,1
O-2654,P-3,154,2,2199.65,2280.44,0
O-2655,P-4,54,0,5495.8,5282.16,1
O-2656,P-3,61,-1,5336.99,5620.44,1
O-2657,P-3,107,-1,6962.06,6549.38,1
O-2658,P-4,22,1,2209.93,2952.95,0
O-2659,P-1,64,1,6116.47,7011.91,0
O-2660,P-4,148,0,3927.75,4728.35,1
O-2661,P-3,98,-1,6671.36,6488.14,1
O-2662,P-2,36,2,6461.25,7312.01,0
O-2663,P-1,108,1,5093.05,4910.21,0
O-2664,P-3,88,1,2872.14,3034.2,0
O-2665,P-1,196,1,2458.24,2493.69,0
O-2666,P-2,72,1,5697.2,6619.61,0
O-2667,P-4,52,3,3830.28,3337.66,0
O-2668,P-4,131,0,4015.69,3586.82,1
O-2669,P-4,130,1,6550.95,7500.66,0
O-2670,P-2,110,2,7927.23,8299.37,0
O-2671,P-3,162,2,7887.13,8001.51,0
O-2672,P-4,52,-1,7806.8,7460.01,1
O-2673,P-4,106,1,7233.23,7261.45,0
O-2674,P-4,161,1,5735.5,6001.49,0
O-2675,P-1,118,0,4596.75,4159.01,1
O-2676,P-2,98,0,6019.09,6778.69,1
O-2677,P-2,153,3,2760.66,2924.43,0
O-2678,P-4,82,2,6986.97,7143.42,0
O-2679,P-3,123,0,7152.67,7929.72,1
O-2680,P-3,184,0,5304.51,6028.23,1
O-2681,P-2,46,3,7354.24,8328.84,0
O-2682,P-1,114,0,7048.45,8028.19,1
O-2683,P-3,94,3,3700.54,4103.97,0
O-2684,P-2,26,0,3647.52,3879.8,1
O-2685,P-1,179,3,7202.87,7266.75,0
O-2686,P-1,64,2,3956.46,4144.04,0
O-2687,P-3,111,2,7764.29,7775.23,0
O-2688,P-2,111,3,7385.42,7724.15,0
O-2689,P-4,120,-1,2555.19,3303.54,1
O-2690,P-2,155,3,7706.43,7489.26,0
O-2691,P-3,70,-1,2541.53,3237.36,1
O-2692,P-1,181,0,7425.43,7412.81,1
O-2693,P-2,159,2,3286.03,3936.74,0
O-2694,P-3,82,3,5015.0,6005.9,0
O-2695,P-1,158,0,6947.01,6608.55,1
O-2696,P-4,76,2,7950.21,8910.91,0
O-2697,P-1,55,-1,6333.06,7005.64,1
O-2698,P-1,185,2,4148.64,4938.13,0
O-2699,P-4,171,-1,3892.74,4725.96,1
O-2700,P-4,124,3,7483.98,8277.97,0
O-2701,P-4,63,3,5479.99,6279.96,0
O-2702,P-3,114,1,5738.31,6214.95,0
O-2703,P-2,167,1,3269.44,3923.38,0
O-2704,P-2,66,0,7268.21,8029.99,1
O-2705,P-3,121,3,7662.38,7561.0,0
O-2706,P-3,164,-1,4150.1,4102.96,1
O-2707,P-1,26,3,2611.86,2691.93,0
O-2708,P-3,172,0,5004.66,4874.86,1
O-2709,P-1,81,1,6047.4,6729.29,0
O-2710,P-2,141,3,6121.93,6657.63,0
O-2711,P-3,23,3,6097.81,6958.14,0
O-2712,P-1,162,2,2093.57,2223.53,0
O-2713,P-2,160,2,2829.13,2455.95,0
O-2714,P-1,103,1,5479.75,6154.48,0
O-2715,P-2,165,-1,2318.12,2485.55,1
O-2716,P-4,98,3,6193.11,6972.89,0
O-2717,P-2,162,2,5950.61,6311.28,0
O-2718,P-3,188,3,7014.75,7812.71,0
O-2719,P-1,52,1,3527.47,4096.32,0
O-2720,P-3,187,3,3447.05,4447.03,0
O-2721,P-1,210,0,6505.79,7096.4,1
O-2722,P-1,150,2,5295.88,5118.39,0
O-2723,P-2,161,-1,4682.11,5398.22,1
O-2724,P-4,150,3,5027.64,5418.44,0
O-2725,P-2,115,1,4649.85,4790.46,0
O-2726,P-3,140,1,6528.78,6120.3,0
O-2727,P-4,63,0,5670.73,6244.35,1
O-2728,P-1,192,2,4208.58,3896.3,0
O-2729,P-2,155,2,7957.46,7651.74,0
O-2730,P-2,183,-1,3398.47,3242.61,1
O-2731,P-1,158,0,6096.8,6545.18,1
O-2732,P-1,148,1,4639.33,5027.99,0
O-2733,P-4,72,-1,4936.81,5481.9,1
O-2734,P-2,158,3,6354.97,6054.15,0
O-2735,P-4,204,0,2567.62,2832.33,1
O-2736,P-2,86,2,5877.39,5712.12,0
O-2737,P-4,134,0,3111.19,2831.14,1
O-2738,P-2,129,0,5690.52,6565.95,1
O-2739,P-4,90,-1,3303.2,2883.56,1
O-2740,P-4,112,0,3020.07,3614.64,1
O-2741,P-4,153,1,6319.98,6910.87,0
O-2742,P-2,12,2,6721.35,7145.89,0
O-2743,P-3,104,1,7768.2,8521.29,0
O-2744,P-3,120,-1,4655.01,5353.28,1
O-2745,P-3,62,0,4370.43,4990.79,1
O-2746,P-2,87,3,3060.82,2728.97,0
O-2747,P-1,45,2,7428.26,7809.37,0
O-2748,P-1,163,1,6362.15,7086.37,0
O-2749,P-1,171,3,3300.05,2996.58,0
O-2750,P-3,76,2,2635.57,3449.53,0
O-2751,P-1,121,1,7480.08,7918.29,0
O-2752,P-2,134,-1,2046.72,1563.92,1
O-2753,P-3,71,0,3245.21,2955.96,1
O-2754,P-3,45,2,5132.9,5156.03,0
O-2755,P-2,73,2,4575.96,4811.54,0
O-2756,P-1,190,0,2355.72,2342.54,1
O-2757,P-2,84,3,7288.84,7844.68,0
O-2758,P-3,45,2,4429.69,4340.82,0
O-2759,P-1,125,0,4549.11,4537.63,1
O-2760,P-3,150,1,5564.73,5395.39,0
O-2761,P-3,174,1,7579.48,8574.7,0
O-2762,P-3,118,1,2574.36,3481.59,0
O-2763,P-4,140,3,2508.81,3146.64,0
O-2764,P-2,134,-1,4217.47,3953.57,1
O-2765,P-4,138,1,4041.22,4053.58,0
O-2766,P-4,110,-1,7449.16,8294.8,1
O-2767,P-4,107,0,2761.25,3337.99,1
O-2768,P-3,87,1,5071.96,4969.82,0
O-2769,P-2,191,-1,4952.52,5863.0,1
O-2770,P-4,182,3,6075.7,6118.13,0
O-2771,P-3,133,1,2769.57,2752.46,0
O-2772,P-2,144,0,2953.03,3933.55,1
O-2773,P-4,101,-1,3880.44,3488.82,1
O-2774,P-2,76,2,3541.55,4473.59,0
O-2775,P-3,193,1,3281.2,3673.94,0
O-2776,P-3,128,-1,6500.03,7119.5,1
O-2777,P-3,57,-1,2693.62,3052.65,1
O-2778,P-2,153,0,3117.3,3923.72,1
O-2779,P-1,119,2,3535.03,3723.59,0
O-2780,P-4,68,0,2725.53,3469.02,1
O-2781,P-4,128,0,7102.93,7962.4,1
O-2782,P-4,132,0,3090.22,2968.78,1
O-2783,P-1,71,1,2174.54,2257.74,0
O-2784,P-2,101,1,6428.68,7159.08,0
O-2785,P-1,161,3,4933.17,5124.99,0
O-2786,P-1,196,-1,3320.35,4041.39,1
O-2787,P-2,43,-1,7195.32,6745.06,1
O-2788,P-3,81,3,3569.29,3946.83,0
O-2789,P-3,194,3,7887.45,8109.26,0
O-2790,P-4,114,0,3087.23,3045.56,1
O-2791,P-2,182,1,2941.73,3756.4,0
O-2792,P-4,149,2,5050.32,5582.11,0
O-2793,P-3,136,2,7302.25,6878.84,0
O-2794,P-3,115,2,7834.68,8451.55,0
O-2795,P-1,191,2,5354.95,5264.29,0
O-2796,P-1,157,2,3377.43,3201.3,0
O-2797,P-4,134,2,3254.19,4205.58,0
O-2798,P-3,212,2,7216.1,7394.03,0
O-2799,P-4,171,0,3179.4,3855.09,1
O-2800,P-3,133,2,6825.16,6490.42,0
O-2801,P-4,140,1,7336.68,7507.46,0
O-2802,P-3,184,2,4596.28,4801.95,0
O-2803,P-2,160,0,4770.32,4816.19,1
O-2804,P-4,127,2,5767.81,6398.56,0
O-2805,P-2,174,0,5105.27,5758.43,1
O-2806,P-3,193,3,2706.1,2883.63,0
O-2807,P-4,41,3,2143.73,3137.5,0
O-2808,P-2,111,-1,5642.31,6039.48,1
O-2809,P-4,43,3,3651.07,4343.35,0
O-2810,P-3,113,0,2470.32,3391.38,1
O-2811,P-1,162,1,7491.33,7529.7,0
O-2812,P-3,145,2,6588.13,7393.64,0
O-2813,P-3,54,1,3462.07,4367.36,0
O-2814,P-4,52,3,7308.65,8076.61,0
O-2815,P-1,94,1,5608.01,6307.9,0
O-2816,P-2,63,2,3629.06,3990.7,0
O-2817,P-3,119,2,7245.0,8084.06,0
O-2818,P-1,222,1,2704.48,2699.32,0
O-2819,P-3,71,2,4383.8,4179.82,0
O-2820,P-1,102,0,4119.15,4552.88,1
O-2821,P-2,192,3,6551.77,6504.05,0
O-2822,P-1,193,-1,5498.43,5333.03,1
O-2823,P-4,92,1,2557.01,2611.15,0
O-2824,P-2,91,-1,7457.88,7956.41,1
O-2825,P-1,119,2,4425.08,5046.68,0
O-2826,P-2,83,1,3841.72,4614.06,0
O-2827,P-4,89,3,4661.76,5443.87,0
O-2828,P-3,128,0,6862.24,6857.66,1
O-2829,P-2,202,2,7752.42,7435.02,0
O-2830,P-2,197,0,3246.73,3475.69,1
O-2831,P-3,154,1,6054.68,6228.71,0
O-2832,P-1,91,2,3566.83,3450.0,0
O-2833,P-3,166,-1,3751.04,3382.71,1
O-2834,P-2,93,-1,4453.09,4894.11,1
O-2835,P-2,37,0,6029.71,6567.47,1
O-2836,P-1,100,3,4097.43,4947.7,0
O-2837,P-1,108,0,7421.4,7677.1,1
O-2838,P-3,179,3,2652.41,2977.05,0
O-2839,P-2,74,0,3692.02,4391.79,1
O-2840,P-2,119,-1,6577.01,6452.83,1
O-2841,P-2,141,-1,2046.22,2986.47,1
O-2842,P-1,51,0,7831.03,7878.49,1
O-2843,P-3,165,3,2871.68,2534.09,0
O-2844,P-3,154,1,3937.96,3895.13,0
O-2845,P-4,91,-1,4891.96,5550.33,1
O-2846,P-3,127,-1,2064.34,3014.33,1
O-2847,P-2,120,1,4724.08,5131.78,0
O-2848,P-2,100,3,5639.45,5961.74,0
O-2849,P-4,102,1,7874.7,7875.77,0
O-2850,P-3,94,3,2883.23,3795.92,0
O-2851,P-4,19,-1,4616.03,4120.87,1
O-2852,P-2,194,-1,7574.4,8277.8,1
O-2853,P-4,151,1,3835.45,3377.71,0
O-2854,P-1,201,1,7132.9,7726.9,0
O-2855,P-3,66,2,4178.64,3859.61,0
O-2856,P-4,146,0,4237.06,4643.68,1
O-2857,P-1,60,0,6859.14,6527.04,1
O-2858,P-1,60,0,3925.62,4015.59,1
O-2859,P-2,87,3,4880.33,4566.17,0
O-2860,P-4,146,-1,5868.73,6134.75,1
O-2861,P-4,84,2,3803.93,3415.18,0
O-2862,P-1,174,0,2947.53,3375.88,1
O-2863,P-4,172,2,7858.88,8568.76,0
O-2864,P-3,84,0,6677.13,7066.64,1
O-2865,P-1,113,0,4689.79,5619.66,1
O-2866,P-4,107,-1,7223.9,7979.57,1
O-2867,P-2,21,2,5981.67,6336.09,0
O-2868,P-1,87,2,7558.03,7846.26,0
O-2869,P-2,122,0,5798.65,6030.06,1
O-2870,P-1,163,2,6384.92,5903.42,0
O-2871,P-1,115,3,3066.07,3770.56,0
O-2872,P-3,112,-1,3298.39,3568.23,1
O-2873,P-3,33,-1,3811.82,3376.26,1
O-2874,P-4,73,0,3119.71,3818.64,1
O-2875,P-4,32,-1,7354.58,7002.14,1
O-2876,P-2,102,0,7288.45,8103.56,1
O-2877,P-2,138,0,4646.07,4205.1,1
O-2878,P-4,102,2,2450.23,2623.46,0
O-2879,P-3,126,0,3659.06,3807.45,1
O-2880,P-4,75,3,7447.01,7919.17,0
O-2881,P-1,64,-1,5472.88,5079.04,1
O-2882,P-3,181,2,4876.92,4386.11,0
O-2883,P-4,124,2,3426.08,4327.63,0
O-2884,P-3,40,-1,6902.79,7639.49,1
O-2885,P-3,168,1,6035.15,7001.14,0
O-2886,P-1,173,0,3564.89,3694.6,1
O-2887,P-2,127,-1,4119.83,4910.91,1
O-2888,P-4,17,3,7943.19,7600.92,0
O-2889,P-3,171,3,6229.91,6176.67,0
O-2890,P-3,53,-1,5106.78,6065.55,1
O-2891,P-2,157,-1,3126.25,3093.33,1
O-2892,P-3,65,-1,5774.04,5439.83,1
O-2893,P-4,80,2,4934.73,5627.1,0
O-2894,P-4,89,0,4788.32,4403.0,1
O-2895,P-2,155,1,3914.51,4523.41,0
O-2896,P-1,97,0,4087.02,4313.71,1
O-2897,P-3,214,1,5501.18,5673.27,0
O-2898,P-4,143,-1,3183.32,3521.7,1
O-2899,P-3,178,3,4807.9,5759.43,0
O-2900,P-1,52,1,4966.94,5921.79,0
O-2901,P-1,134,2,2490.91,2618.57,0
O-2902,P-4,36,-1,5012.48,5211.78,1
O-2903,P-3,45,2,5943.61,5828.16,0
O-2904,P-4,72,1,3695.06,3986.15,0
O-2905,P-2,40,1,2996.31,3047.12,0
O-2906,P-3,36,1,3259.91,2967.02,0
O-2907,P-1,186,2,2614.76,3220.27,0
O-2908,P-3,131,1,6018.65,5992.59,0
O-2909,P-3,117,1,3257.93,3902.71,0
O-2910,P-1,111,0,4084.02,4139.68,1
O-2911,P-3,172,-1,6296.43,6559.15,1
O-2912,P-2,122,2,3518.67,4186.58,0
O-2913,P-1,157,3,3785.91,3937.5,0
O-2914,P-3,185,-1,7315.72,7196.97,1
O-2915,P-1,86,0,4812.41,4972.95,1
O-2916,P-1,194,0,3479.15,3931.08,1
O-2917,P-2,137,3,4016.74,4714.4,0
O-2918,P-1,129,3,7100.04,7997.7,0
O-2919,P-2,115,-1,7870.96,7788.21,1
O-2920,P-1,138,3,4860.97,5335.74,0
O-2921,P-4,104,0,6195.27,6020.8,1
O-2922,P-2,117,-1,4276.13,4510.71,1
O-2923,P-4,101,1,2668.39,2207.91,0
O-2924,P-1,182,2,2632.7,2327.97,0
O-2925,P-2,104,3,5644.97,5853.07,0
O-2926,P-1,117,3,2788.43,2602.99,0
O-2927,P-3,90,3,7182.34,8011.32,0
O-2928,P-1,114,2,5094.05,5766.11,0
O-2929,P-1,148,0,4344.96,4778.0,1
O-2930,P-1,174,1,6091.87,6625.03,0
O-2931,P-3,197,2,4649.72,5491.33,0
O-2932,P-1,152,0,3738.18,3375.65,1
O-2933,P-2,208,3,4586.96,4485.91,0
O-2934,P-1,130,2,6810.8,7567.8,0
O-2935,P-2,65,0,4336.35,4562.0,1
O-2936,P-3,59,0,6653.56,6724.55,1
O-2937,P-2,84,-1,6930.89,7039.38,1
O-2938,P-4,86,-1,3634.13,3700.12,1
O-2939,P-1,182,2,3430.17,4295.81,0
O-2940,P-3,148,2,3742.82,4051.64,0
O-2941,P-1,115,1,5797.96,5502.49,0
O-2942,P-1,174,1,7537.97,7564.63,0
O-2943,P-4,113,3,7351.66,7454.46,0
O-2944,P-4,60,1,2281.21,2310.39,0
O-2945,P-3,89,3,5559.71,5811.63,0
O-2946,P-1,140,3,5872.13,6019.82,0
O-2947,P-4,102,0,3163.88,3479.86,1
O-2948,P-1,81,3,5138.42,5118.09,0
O-2949,P-2,181,0,2437.15,2616.75,1
O-2950,P-2,183,0,6847.31,7161.22,1
O-2951,P-2,123,3,2773.45,3564.52,0
O-2952,P-3,71,2,4888.32,5478.65,0
O-2953,P-1,95,0,7490.64,7176.94,1
O-2954,P-4,156,0,2563.1,2567.97,1
O-2955,P-2,33,0,7726.46,7248.2,1
O-2956,P-2,70,1,3680.12,3201.84,0
O-2957,P-1,127,2,6015.65,5776.49,0
O-2958,P-3,49,1,4025.32,3990.3,0
O-2959,P-2,79,0,4074.47,4975.08,1
O-2960,P-4,68,0,6988.08,7392.61,1
O-2961,P-2,116,0,6738.62,6372.98,1
O-2962,P-3,167,1,3261.59,3002.14,0
O-2963,P-1,177,3,2943.26,3206.18,0
O-2964,P-2,86,3,5993.61,5811.17,0
O-2965,P-3,91,3,5925.34,5787.33,0
O-2966,P-3,114,0,2726.52,2695.43,1
O-2967,P-4,80,3,6734.41,6253.32,0
O-2968,P-3,135,0,3956.41,4554.94,1
O-2969,P-2,127,-1,2863.53,3008.0,1
O-2970,P-4,87,0,5830.25,5553.16,1
O-2971,P-3,164,3,5620.74,6502.46,0
O-2972,P-1,106,2,5645.4,6177.15,0
O-2973,P-2,117,1,5425.18,6114.32,0
O-2974,P-2,124,0,7765.66,8357.14,1
O-2975,P-4,191,1,5281.08,6251.56,0
O-2976,P-4,131,0,2500.31,3435.92,1
O-2977,P-2,65,2,4813.5,5191.93,0
O-2978,P-1,42,0,5007.05,5057.65,1
O-2979,P-2,97,-1,2477.3,2704.85,1
O-2980,P-1,67,2,7424.29,7970.52,0
O-2981,P-1,193,1,7947.13,8623.37,0
O-2982,P-3,68,3,2800.25,2511.2,0
O-2983,P-1,107,-1,5996.39,5515.32,1
O-2984,P-2,81,0,7304.33,6936.72,1
O-2985,P-2,142,-1,4675.6,4341.83,1
O-2986,P-3,94,0,4654.54,5324.11,1
O-2987,P-3,39,0,5650.01,5571.53,1
O-2988,P-3,120,-1,6690.01,6946.32,1
O-2989,P-1,36,1,3966.04,4809.74,0
O-2990,P-2,59,0,2065.29,1727.2,1
O-2991,P-1,174,-1,3888.79,3488.0,1
O-2992,P-4,65,3,7712.77,8158.9,0
O-2993,P-1,174,1,6774.37,6877.55,0
O-2994,P-1,137,2,3986.64,4884.62,0
O-2995,P-3,97,2,3935.57,3719.96,0
O-2996,P-4,164,3,5771.72,5780.9,0
O-2997,P-2,143,1,5202.29,5102.14,0
O-2998,P-3,187,2,2996.13,3952.95,0
O-2999,P-4,96,0,6677.27,6352.31,1
