OrderID,ProductID,QuantityShipped,QuantitySold,OpeningInventory,ClosingInventory,StockoutFlag,ReturnQty,WarehouseCapacityUsed
O-1000,P-1,109,93,408,424,0,0,75.59
O-1001,P-4,76,74,294,296,0,1,82.46
O-1002,P-4,124,122,219,221,0,1,84.22
O-1003,P-2,192,185,450,457,0,5,32.09
O-1004,P-3,167,163,235,239,0,2,57.85
O-1005,P-4,158,139,132,151,1,6,93.12
O-1006,P-1,117,101,490,506,0,2,49.4
O-1007,P-2,128,121,129,136,0,3,61.59
O-1008,P-1,101,92,304,313,0,10,63.64
O-1009,P-1,65,58,134,141,0,0,45.47
O-1010,P-4,158,145,339,352,0,0,77.33
O-1011,P-1,69,55,381,395,0,1,90.21
O-1012,P-2,117,103,246,260,0,6,49.29
O-1013,P-1,97,95,404,406,0,1,91.2
O-1014,P-2,111,103,302,310,0,2,90.39
O-1015,P-1,112,101,245,256,0,2,94.17
O-1016,P-1,137,131,451,457,0,10,46.32
O-1017,P-1,159,142,104,121,1,1,84.25
O-1018,P-2,193,180,417,430,0,2,93.45
O-1019,P-2,170,163,202,209,0,7,86.64
O-1020,P-2,134,134,159,159,0,4,68.78
O-1021,P-3,187,181,286,292,0,6,73.12
O-1022,P-1,94,75,391,410,0,4,43.66
O-1023,P-3,135,133,484,486,0,3,42.94
O-1024,P-1,51,48,498,501,0,6,75.23
O-1025,P-4,179,166,380,393,0,7,60.85
O-1026,P-3,188,186,170,172,1,2,75.92
O-1027,P-1,199,199,491,491,0,9,52.86
O-1028,P-4,153,148,339,344,0,2,68.47
O-1029,P-1,147,139,485,493,0,6,78.69
O-1030,P-1,111,107,342,346,0,10,46.66
O-1031,P-3,146,134,466,478,0,3,80.21
O-1032,P-1,77,64,285,298,0,10,58.31
O-1033,P-3,168,150,412,430,0,10,85.31
O-1034,P-2,111,98,350,363,0,8,71.98
O-1035,P-4,191,175,276,292,0,6,59.49
O-1036,P-3,200,184,405,421,0,4,53.46
O-1037,P-3,122,107,345,360,0,7,46.41
O-1038,P-4,127,125,227,229,0,1,81.4
O-1039,P-2,104,96,438,446,0,1,34.88
O-1040,P-1,117,97,401,421,0,10,65.4
O-1041,P-2,153,145,356,364,0,8,32.59
O-1042,P-4,94,79,365,380,0,10,68.05
O-1043,P-4,123,111,489,501,0,8,46.41
O-1044,P-1,102,94,381,389,0,2,75.39
O-1045,P-1,79,65,160,174,0,10,76.58
O-1046,P-3,84,82,241,243,0,6,48.38
O-1047,P-3,111,93,296,314,0,3,78.41
O-1048,P-4,184,170,107,121,1,2,80.8
O-1049,P-3,67,60,423,430,0,10,78.54
O-1050,P-4,141,130,320,331,0,2,81.51
O-1051,P-2,115,115,338,338,0,4,91.44
O-1052,P-3,125,116,111,120,1,10,86.23
O-1053,P-1,85,65,149,169,0,10,58.65
O-1054,P-3,143,127,356,372,0,4,83.6
O-1055,P-4,143,141,302,304,0,0,73.73
O-1056,P-3,66,46,337,357,0,4,32.95
O-1057,P-1,188,175,400,413,0,2,84.19
O-1058,P-4,189,169,283,303,0,0,37.94
O-1059,P-4,103,85,210,228,0,3,68.74
O-1060,P-3,200,190,108,118,1,2,57.36
O-1061,P-1,61,45,254,270,0,7,61.13
O-1062,P-4,120,101,424,443,0,9,68.83
O-1063,P-3,136,122,304,318,0,6,50.31
O-1064,P-3,83,66,130,147,0,9,56.7
O-1065,P-4,77,66,384,395,0,5,82.47
O-1066,P-1,152,150,172,174,0,10,43.98
O-1067,P-4,62,60,239,241,0,7,58.73
O-1068,P-3,64,64,204,204,0,4,79.67
O-1069,P-3,178,161,442,459,0,5,32.75
O-1070,P-1,133,128,416,421,0,7,84.89
O-1071,P-2,79,63,361,377,0,3,92.28
O-1072,P-2,176,162,486,500,0,9,87.33
O-1073,P-3,168,154,119,133,1,0,86.18
O-1074,P-1,137,135,358,360,0,10,58.45
O-1075,P-4,148,139,229,238,0,10,67.88
O-1076,P-2,184,182,430,432,0,10,50.08
O-1077,P-2,188,172,119,135,1,10,40.03
O-1078,P-2,170,164,288,294,0,10,48.32
O-1079,P-4,76,60,163,179,0,4,88.84
O-1080,P-2,70,59,214,225,0,0,72.25
O-1081,P-2,105,101,380,384,0,9,48.73
O-1082,P-3,187,187,423,423,0,8,48.93
O-1083,P-1,179,162,110,127,1,6,55.15
O-1084,P-3,136,116,189,209,0,10,82.75
O-1085,P-1,189,174,229,244,0,0,86.04
O-1086,P-1,177,166,365,376,0,4,35.13
O-1087,P-2,164,163,472,473,0,5,93.7
O-1088,P-1,162,161,164,165,0,1,91.72
O-1089,P-1,113,110,113,116,0,2,37.65
O-1090,P-3,163,161,449,451,0,5,65.75
O-1091,P-3,176,176,284,284,0,8,93.9
O-1092,P-2,131,111,137,157,0,7,83.89
O-1093,P-2,138,122,245,261,0,1,65.8
O-1094,P-2,57,55,123,125,0,10,79.85
O-1095,P-4,65,60,325,330,0,6,69.43
O-1096,P-3,165,158,172,179,0,1,86.17
O-1097,P-4,177,168,354,363,0,0,92.83
O-1098,P-2,117,106,491,502,0,6,67.07
O-1099,P-2,145,135,385,395,0,5,63.09
O-1100,P-1,133,114,263,282,0,2,62.98
O-1101,P-4,198,180,216,234,0,0,70.89
O-1102,P-4,155,149,310,316,0,8,77.83
O-1103,P-1,189,178,446,457,0,10,42.5
O-1104,P-2,120,111,162,171,0,9,55.64
O-1105,P-3,187,179,387,395,0,4,68.14
O-1106,P-2,190,185,308,313,0,10,42.96
O-1107,P-3,95,94,303,304,0,7,30.6
O-1108,P-1,134,129,474,479,0,7,30.92
O-1109,P-3,85,70,265,280,0,3,59.04
O-1110,P-3,90,78,451,463,0,8,71.52
O-1111,P-3,187,181,490,496,0,3,64.33
O-1112,P-3,79,73,467,473,0,9,58.96
O-1113,P-1,50,44,396,402,0,1,34.14
O-1114,P-1,164,152,292,304,0,1,52.61
O-1115,P-2,138,134,241,245,0,3,72.91
O-1116,P-1,109,92,211,228,0,0,89.57
O-1117,P-3,94,74,447,467,0,6,52.39
O-1118,P-4,86,72,129,143,0,8,38.72
O-1119,P-2,60,58,196,198,0,9,86.52
O-1120,P-3,132,123,294,303,0,7,53.38
O-1121,P-4,87,87,233,233,0,8,42.75
O-1122,P-2,140,135,171,176,0,8,65.24
O-1123,P-1,179,165,291,305,0,0,31.02
O-1124,P-4,88,81,198,205,0,9,47.38
O-1125,P-4,58,56,307,309,0,6,30.61
O-1126,P-2,195,180,238,253,0,0,48.22
O-1127,P-1,149,132,269,286,0,6,74.81
O-1128,P-1,165,150,216,231,0,5,74.18
O-1129,P-4,149,139,284,294,0,1,58.91
O-1130,P-3,73,54,406,425,0,5,56.9
O-1131,P-1,120,107,253,266,0,7,91.37
O-1132,P-4,135,122,433,446,0,9,91.57
O-1133,P-2,150,139,158,169,0,9,65.76
O-1134,P-4,158,146,137,149,1,7,64.73
O-1135,P-4,152,142,320,330,0,1,63.19
O-1136,P-2,125,112,143,156,0,1,52.3
O-1137,P-2,55,45,431,441,0,1,78.13
O-1138,P-2,57,38,201,220,0,7,75.81
O-1139,P-2,175,159,427,443,0,5,68.16
O-1140,P-3,79,74,291,296,0,2,38.96
O-1141,P-4,165,146,127,146,1,5,42.68
O-1142,P-4,106,97,116,125,0,4,59.73
O-1143,P-4,76,56,484,504,0,3,52.66
O-1144,P-1,102,101,391,392,0,5,40.94
O-1145,P-3,113,101,350,362,0,2,54.39
O-1146,P-1,73,59,425,439,0,10,81.72
O-1147,P-4,137,136,123,124,1,1,90.41
O-1148,P-2,71,60,440,451,0,10,49.86
O-1149,P-2,163,163,104,104,1,5,57.45
O-1150,P-2,147,143,428,432,0,10,30.55
O-1151,P-2,81,63,473,491,0,6,39.09
O-1152,P-3,63,56,353,360,0,6,68.61
O-1153,P-1,54,36,134,152,0,0,33.93
O-1154,P-4,102,98,374,378,0,5,58.44
O-1155,P-2,94,91,106,109,0,2,91.95
O-1156,P-3,66,58,464,472,0,9,63.2
O-1157,P-1,53,46,123,130,0,7,41.63
O-1158,P-1,63,58,214,219,0,8,60.23
O-1159,P-3,112,98,288,302,0,9,65.53
O-1160,P-2,128,125,205,208,0,8,33.89
O-1161,P-2,150,148,403,405,0,9,38.5
O-1162,P-3,84,66,155,173,0,2,50.41
O-1163,P-1,60,54,267,273,0,2,55.76
O-1164,P-1,85,82,106,109,0,0,83.54
O-1165,P-3,134,131,121,124,1,7,58.16
O-1166,P-4,88,87,414,415,0,9,62.43
O-1167,P-4,54,42,500,512,0,5,66.77
O-1168,P-3,64,49,371,386,0,5,36.51
O-1169,P-2,141,123,114,132,1,5,42.24
O-1170,P-4,134,115,203,222,0,2,84.88
O-1171,P-3,151,133,151,169,0,5,40.24
O-1172,P-4,125,121,190,194,0,0,80.1
O-1173,P-1,131,126,425,430,0,1,47.24
O-1174,P-2,92,79,352,365,0,6,61.17
O-1175,P-2,146,141,474,479,0,1,94.04
O-1176,P-4,154,137,469,486,0,8,36.23
O-1177,P-4,172,166,149,155,1,0,93.51
O-1178,P-4,144,139,328,333,0,0,44.71
O-1179,P-3,183,170,374,387,0,10,45.32
O-1180,P-3,92,86,198,204,0,2,74.4
O-1181,P-2,53,34,400,419,0,8,39.73
O-1182,P-1,94,86,306,314,0,2,87.82
O-1183,P-3,75,68,168,175,0,4,50.86
O-1184,P-4,129,113,306,322,0,2,86.89
O-1185,P-2,151,131,163,183,0,10,68.61
O-1186,P-2,104,97,431,438,0,3,56.62
O-1187,P-1,128,108,240,260,0,6,59.83
O-1188,P-2,66,56,241,251,0,10,76.22
O-1189,P-3,116,103,307,320,0,6,94.66
O-1190,P-2,116,99,490,507,0,2,44.45
O-1191,P-2,199,181,417,435,0,1,86.39
O-1192,P-4,96,94,349,351,0,5,33.77
O-1193,P-4,153,140,344,357,0,6,77.49
O-1194,P-1,178,160,256,274,0,2,48.9
O-1195,P-3,83,77,475,481,0,0,76.22
O-1196,P-1,147,144,380,383,0,4,74.57
O-1197,P-1,80,71,158,167,0,1,80.57
O-1198,P-2,72,69,393,396,0,10,80.67
O-1199,P-1,124,113,446,457,0,5,79.28
O-1200,P-1,79,67,304,316,0,7,61.09
O-1201,P-4,195,181,192,206,0,9,86.07
O-1202,P-2,184,166,470,488,0,9,74.74
O-1203,P-1,179,164,353,368,0,2,51.51
O-1204,P-3,130,127,354,357,0,10,32.33
O-1205,P-1,134,117,492,509,0,9,53.61
O-1206,P-4,85,72,154,167,0,4,90.46
O-1207,P-4,200,184,168,184,1,7,58.13
O-1208,P-4,113,105,303,311,0,5,38.98
O-1209,P-3,132,129,489,492,0,5,91.27
O-1210,P-4,91,82,449,458,0,4,49.18
O-1211,P-1,123,122,295,296,0,6,33.5
O-1212,P-3,69,64,188,193,0,8,48.14
O-1213,P-3,63,43,415,435,0,10,65.76
O-1214,P-1,139,132,209,216,0,10,44.2
O-1215,P-4,79,67,231,243,0,8,63.6
O-1216,P-3,187,170,103,120,1,10,80.28
O-1217,P-4,68,67,191,192,0,4,44.8
O-1218,P-3,66,48,123,141,0,1,74.58
O-1219,P-1,189,180,424,433,0,2,30.72
O-1220,P-2,138,132,311,317,0,10,44.35
O-1221,P-3,75,69,471,477,0,9,73.63
O-1222,P-2,195,184,261,272,0,6,81.07
O-1223,P-4,191,188,189,192,0,10,85.82
O-1224,P-2,59,42,233,250,0,8,39.66
O-1225,P-4,111,92,450,469,0,2,41.64
O-1226,P-2,102,86,284,300,0,6,32.59
O-1227,P-3,69,53,228,244,0,6,52.94
O-1228,P-3,104,100,195,199,0,2,56.95
O-1229,P-3,196,178,182,200,0,2,39.55
O-1230,P-2,173,168,212,217,0,6,83.33
O-1231,P-2,54,48,367,373,0,8,69.36
O-1232,P-2,61,45,319,335,0,3,54.78
O-1233,P-1,51,33,367,385,0,1,43.35
O-1234,P-3,151,145,311,317,0,8,66.34
O-1235,P-4,91,88,209,212,0,8,69.91
O-1236,P-1,70,51,119,138,0,6,63.87
O-1237,P-1,109,90,186,205,0,10,30.02
O-1238,P-2,73,56,245,262,0,8,83.01
O-1239,P-2,178,169,274,283,0,1,82.85
O-1240,P-3,106,99,261,268,0,6,47.12
O-1241,P-3,96,90,355,361,0,3,43.44
O-1242,P-2,130,115,394,409,0,4,89.54
O-1243,P-3,94,80,161,175,0,8,30.77
O-1244,P-2,137,126,194,205,0,7,78.89
O-1245,P-3,192,179,295,308,0,3,30.63
O-1246,P-4,105,97,343,351,0,10,46.88
O-1247,P-3,133,117,349,365,0,7,48.62
O-1248,P-2,131,111,249,269,0,4,58.92
O-1249,P-3,70,64,185,191,0,6,87.11
O-1250,P-1,129,122,226,233,0,4,84.5
O-1251,P-1,95,77,405,423,0,7,71.57
O-1252,P-3,183,179,276,280,0,4,61.98
O-1253,P-4,161,149,227,239,0,2,44.34
O-1254,P-1,124,121,426,429,0,7,70.48
O-1255,P-2,162,162,219,219,0,1,52.22
O-1256,P-3,68,51,340,357,0,2,83.84
O-1257,P-1,103,88,299,314,0,10,77.34
O-1258,P-1,53,48,241,246,0,9,30.58
O-1259,P-1,65,64,282,283,0,10,45.12
O-1260,P-3,162,145,250,267,0,8,42.13
O-1261,P-3,188,177,332,343,0,0,87.39
O-1262,P-3,122,112,309,319,0,10,72.83
O-1263,P-1,149,134,369,384,0,9,44.35
O-1264,P-1,118,102,120,136,0,1,44.03
O-1265,P-1,77,57,395,415,0,5,57.76
O-1266,P-1,133,122,311,322,0,10,66.6
O-1267,P-2,182,178,254,258,0,0,50.47
O-1268,P-3,109,101,253,261,0,1,44.13
O-1269,P-1,147,145,499,501,0,0,83.11
O-1270,P-4,194,190,267,271,0,8,73.79
O-1271,P-4,62,45,304,321,0,4,80.3
O-1272,P-2,160,150,450,460,0,9,57.53
O-1273,P-3,163,144,174,193,0,7,54.3
O-1274,P-1,165,150,111,126,1,5,64.01
O-1275,P-3,119,118,338,339,0,10,72.92
O-1276,P-3,72,67,201,206,0,8,89.95
O-1277,P-3,178,170,131,139,1,10,82.97
O-1278,P-1,108,95,223,236,0,9,89.13
O-1279,P-3,184,180,320,324,0,2,66.23
O-1280,P-1,120,116,498,502,0,3,79.56
O-1281,P-3,170,150,291,311,0,2,38.94
O-1282,P-2,162,143,350,369,0,5,57.79
O-1283,P-1,60,53,365,372,0,8,63.55
O-1284,P-1,182,178,337,341,0,10,37.36
O-1285,P-2,91,88,146,149,0,1,35.54
O-1286,P-4,63,50,257,270,0,4,41.75
O-1287,P-2,171,157,309,323,0,7,65.58
O-1288,P-2,126,116,144,154,0,0,40.49
O-1289,P-3,190,188,249,251,0,7,47.84
O-1290,P-4,123,110,411,424,0,5,69.93
O-1291,P-4,80,74,415,421,0,6,66.43
O-1292,P-2,151,133,415,433,0,0,84.2
O-1293,P-4,64,48,253,269,0,9,31.22
O-1294,P-3,128,118,463,473,0,0,87.01
O-1295,P-3,73,59,359,373,0,0,40.02
O-1296,P-3,183,180,102,105,1,4,68.63
O-1297,P-1,101,95,246,252,0,4,73.62
O-1298,P-3,119,115,460,464,0,4,50.24
O-1299,P-3,95,76,403,422,0,10,50.31
O-1300,P-2,169,154,218,233,0,3,55.48
O-1301,P-3,122,111,409,420,0,9,76.43
O-1302,P-1,173,161,133,145,1,5,58.3
O-1303,P-3,163,158,257,262,0,6,68.77
O-1304,P-4,124,112,415,427,0,9,87.03
O-1305,P-3,190,189,100,101,1,8,48.34
O-1306,P-1,171,167,196,200,0,8,40.03
O-1307,P-2,156,142,456,470,0,9,59.54
O-1308,P-4,178,170,310,318,0,8,32.46
O-1309,P-4,72,65,341,348,0,10,65.05
O-1310,P-3,125,116,185,194,0,0,66.64
O-1311,P-1,69,61,229,237,0,2,46.7
O-1312,P-1,58,48,143,153,0,2,78.93
O-1313,P-4,79,78,185,186,0,7,78.5
O-1314,P-2,130,114,449,465,0,0,58.07
O-1315,P-3,99,83,272,288,0,10,30.69
O-1316,P-1,58,58,417,417,0,1,71.48
O-1317,P-1,169,167,427,429,0,7,74.99
O-1318,P-3,95,81,135,149,0,7,41.6
O-1319,P-4,114,100,109,123,0,7,73.2
O-1320,P-3,67,50,215,232,0,0,64.79
O-1321,P-3,124,104,203,223,0,2,72.95
O-1322,P-3,111,96,299,314,0,1,92.72
O-1323,P-4,167,150,176,193,0,9,39.2
O-1324,P-1,74,60,412,426,0,2,36.91
O-1325,P-4,104,103,403,404,0,2,39.18
O-1326,P-4,146,141,108,113,1,7,90.2
O-1327,P-3,59,40,192,211,0,7,80.87
O-1328,P-3,179,172,337,344,0,10,42.59
O-1329,P-2,135,116,488,507,0,7,90.12
O-1330,P-2,100,90,217,227,0,1,77.95
O-1331,P-2,166,161,298,303,0,5,71.08
O-1332,P-3,167,154,187,200,0,5,81.32
O-1333,P-2,113,106,267,274,0,6,68.47
O-1334,P-2,75,61,353,367,0,3,56.43
O-1335,P-2,167,149,482,500,0,9,39.01
O-1336,P-4,58,49,318,327,0,4,35.26
O-1337,P-3,67,50,463,480,0,3,37.38
O-1338,P-4,174,158,369,385,0,1,53.93
O-1339,P-1,87,72,177,192,0,3,93.02
O-1340,P-2,183,163,271,291,0,6,81.14
O-1341,P-4,123,122,175,176,0,5,70.21
O-1342,P-2,197,193,325,329,0,4,75.96
O-1343,P-3,177,173,334,338,0,5,65.5
O-1344,P-3,60,56,447,451,0,8,70.14
O-1345,P-2,100,100,142,142,0,8,92.25
O-1346,P-4,159,148,297,308,0,5,50.03
O-1347,P-4,200,181,144,163,1,2,86.39
O-1348,P-3,85,79,195,201,0,6,83.71
O-1349,P-3,123,110,191,204,0,7,79.71
O-1350,P-4,116,111,397,402,0,0,75.06
O-1351,P-3,69,53,199,215,0,10,40.86
O-1352,P-3,182,173,290,299,0,7,40.6
O-1353,P-2,83,83,345,345,0,5,58.73
O-1354,P-3,70,57,453,466,0,1,79.23
O-1355,P-1,66,57,441,450,0,0,89.81
O-1356,P-2,111,95,391,407,0,1,76.53
O-1357,P-3,140,128,317,329,0,3,79.49
O-1358,P-3,148,139,333,342,0,9,84.67
O-1359,P-2,76,64,324,336,0,8,55.66
O-1360,P-1,177,169,491,499,0,9,82.06
O-1361,P-4,177,170,421,428,0,2,83.97
O-1362,P-4,69,53,492,508,0,7,73.04
O-1363,P-4,59,58,190,191,0,8,40.67
O-1364,P-4,64,52,234,246,0,7,52.93
O-1365,P-3,147,144,319,322,0,5,72.98
O-1366,P-2,59,45,436,450,0,6,75.24
O-1367,P-1,136,131,414,419,0,4,71.3
O-1368,P-1,136,128,134,142,0,9,52.58
O-1369,P-1,166,149,192,209,0,0,43.84
O-1370,P-4,126,113,310,323,0,5,84.99
O-1371,P-3,129,115,348,362,0,8,32.41
O-1372,P-2,55,54,142,143,0,5,88.54
O-1373,P-4,81,71,268,278,0,9,78.36
O-1374,P-4,186,175,458,469,0,1,46.01
O-1375,P-3,111,103,382,390,0,6,74.54
O-1376,P-2,91,77,423,437,0,5,47.81
O-1377,P-1,140,127,408,421,0,8,31.78
O-1378,P-1,83,64,451,470,0,6,86.78
O-1379,P-2,196,189,110,117,1,0,93.32
O-1380,P-2,195,192,107,110,1,8,62.12
O-1381,P-2,122,116,314,320,0,2,93.45
O-1382,P-2,151,145,465,471,0,6,46.65
O-1383,P-1,127,115,443,455,0,5,46.92
O-1384,P-4,82,67,243,258,0,5,87.0
O-1385,P-3,108,103,118,123,0,7,58.37
O-1386,P-4,81,70,147,158,0,3,40.94
O-1387,P-3,81,69,291,303,0,9,40.0
O-1388,P-1,165,155,474,484,0,9,82.1
O-1389,P-3,152,150,110,112,1,3,48.52
O-1390,P-2,181,175,350,356,0,7,66.6
O-1391,P-4,107,87,451,471,0,2,72.07
O-1392,P-1,113,97,318,334,0,4,89.62
O-1393,P-1,54,51,479,482,0,10,84.79
O-1394,P-1,97,91,194,200,0,1,36.91
O-1395,P-1,142,130,254,266,0,1,37.27
O-1396,P-1,187,181,144,150,1,4,57.42
O-1397,P-1,150,149,270,271,0,0,85.16
O-1398,P-3,158,140,261,279,0,8,57.11
O-1399,P-4,138,124,218,232,0,8,85.47
O-1400,P-4,173,169,188,192,0,3,57.04
O-1401,P-4,178,177,132,133,1,5,37.84
O-1402,P-2,162,148,486,500,0,1,32.73
O-1403,P-1,85,82,203,206,0,7,82.59
O-1404,P-3,108,104,319,323,0,6,91.87
O-1405,P-3,92,79,131,144,0,6,71.7
O-1406,P-1,185,166,175,194,0,6,70.58
O-1407,P-4,82,66,376,392,0,4,50.3
O-1408,P-3,78,77,290,291,0,4,79.18
O-1409,P-1,196,192,465,469,0,6,63.57
O-1410,P-2,171,165,328,334,0,1,63.73
O-1411,P-4,167,163,460,464,0,8,59.6
O-1412,P-1,89,86,290,293,0,4,31.82
O-1413,P-2,67,66,313,314,0,7,88.52
O-1414,P-4,154,142,219,231,0,6,87.85
O-1415,P-3,197,196,391,392,0,8,31.21
O-1416,P-2,55,45,323,333,0,2,50.63
O-1417,P-3,128,115,447,460,0,2,76.36
O-1418,P-3,200,193,352,359,0,8,47.5
O-1419,P-3,75,68,490,497,0,8,56.44
O-1420,P-1,124,104,185,205,0,0,46.31
O-1421,P-4,85,68,243,260,0,6,91.45
O-1422,P-3,84,64,101,121,0,9,73.73
O-1423,P-4,146,127,283,302,0,6,54.08
O-1424,P-2,106,99,352,359,0,5,75.76
O-1425,P-2,194,175,389,408,0,2,38.28
O-1426,P-2,63,53,321,331,0,6,60.33
O-1427,P-3,196,196,477,477,0,3,89.6
O-1428,P-2,135,127,226,234,0,1,84.11
O-1429,P-3,146,136,455,465,0,1,82.16
O-1430,P-1,155,148,406,413,0,10,60.17
O-1431,P-4,67,49,199,217,0,9,61.29
O-1432,P-4,87,83,340,344,0,4,93.07
O-1433,P-2,171,157,407,421,0,5,57.22
O-1434,P-2,173,163,478,488,0,6,94.34
O-1435,P-3,142,141,115,116,1,3,87.55
O-1436,P-2,78,68,207,217,0,4,54.2
O-1437,P-2,159,139,225,245,0,0,49.12
O-1438,P-2,66,61,360,365,0,6,60.18
O-1439,P-3,110,98,211,223,0,4,90.81
O-1440,P-3,136,123,330,343,0,7,62.34
O-1441,P-3,178,162,379,395,0,10,36.4
O-1442,P-1,85,68,233,250,0,0,52.53
O-1443,P-4,109,93,400,416,0,8,59.99
O-1444,P-1,82,73,477,486,0,0,57.24
O-1445,P-4,196,184,295,307,0,3,55.12
O-1446,P-4,175,175,195,195,0,3,45.15
O-1447,P-1,187,174,344,357,0,1,43.37
O-1448,P-4,66,54,409,421,0,3,87.15
O-1449,P-4,94,81,227,240,0,2,89.2
O-1450,P-2,105,90,310,325,0,8,36.84
O-1451,P-3,168,156,275,287,0,6,30.7
O-1452,P-1,170,162,182,190,0,2,41.52
O-1453,P-1,58,41,210,227,0,7,82.75
O-1454,P-1,145,138,202,209,0,1,30.95
O-1455,P-2,132,115,420,437,0,3,55.68
O-1456,P-4,149,143,334,340,0,3,53.98
O-1457,P-1,149,145,270,274,0,2,73.31
O-1458,P-1,81,72,221,230,0,6,33.89
O-1459,P-3,163,153,168,178,0,4,93.54
O-1460,P-3,106,87,295,314,0,8,30.39
O-1461,P-4,102,95,359,366,0,1,76.91
O-1462,P-2,142,130,293,305,0,2,69.61
O-1463,P-4,166,157,292,301,0,8,38.88
O-1464,P-4,145,133,350,362,0,4,32.52
O-1465,P-1,158,151,224,231,0,7,73.97
O-1466,P-2,148,136,461,473,0,9,42.27
O-1467,P-4,72,69,425,428,0,9,47.49
O-1468,P-2,156,136,247,267,0,6,75.76
O-1469,P-2,99,91,309,317,0,7,40.8
O-1470,P-3,75,75,131,131,0,4,81.3
O-1471,P-1,136,125,449,460,0,5,73.23
O-1472,P-4,121,114,288,295,0,7,72.91
O-1473,P-1,70,59,319,330,0,7,49.1
O-1474,P-2,173,156,223,240,0,3,72.88
O-1475,P-1,81,77,373,377,0,10,74.97
O-1476,P-2,78,76,274,276,0,9,37.55
O-1477,P-3,131,120,447,458,0,2,30.6
O-1478,P-4,58,39,263,282,0,4,85.1
O-1479,P-4,107,106,497,498,0,2,49.44
O-1480,P-2,122,116,458,464,0,8,78.9
O-1481,P-1,100,80,104,124,0,5,94.25
O-1482,P-2,136,118,322,340,0,2,37.72
O-1483,P-4,120,100,434,454,0,7,35.37
O-1484,P-4,161,152,392,401,0,2,89.08
O-1485,P-2,80,75,406,411,0,2,38.0
O-1486,P-2,189,184,316,321,0,10,91.5
O-1487,P-3,59,53,172,178,0,4,69.14
O-1488,P-2,152,138,142,156,0,4,39.31
O-1489,P-2,161,149,113,125,1,9,64.55
O-1490,P-4,106,94,153,165,0,1,82.44
O-1491,P-1,138,121,382,399,0,9,38.29
O-1492,P-1,157,143,193,207,0,7,47.93
O-1493,P-4,73,68,394,399,0,0,62.04
O-1494,P-1,51,38,459,472,0,8,78.03
O-1495,P-1,147,142,291,296,0,1,85.3
O-1496,P-1,181,180,337,338,0,9,30.38
O-1497,P-4,175,169,143,149,1,8,89.35
O-1498,P-1,118,115,324,327,0,10,52.99
O-1499,P-4,58,53,441,446,0,3,93.89
O-1500,P-1,55,51,179,183,0,5,45.37
O-1501,P-3,180,175,227,232,0,4,94.63
O-1502,P-2,88,81,161,168,0,2,42.49
O-1503,P-2,65,49,318,334,0,10,53.63
O-1504,P-3,123,108,243,258,0,9,91.64
O-1505,P-3,200,184,409,425,0,5,54.96
O-1506,P-1,189,170,275,294,0,4,43.13
O-1507,P-2,161,159,347,349,0,6,47.82
O-1508,P-2,193,181,305,317,0,9,40.4
O-1509,P-2,124,123,427,428,0,2,47.58
O-1510,P-1,190,182,469,477,0,2,33.72
O-1511,P-1,191,185,326,332,0,3,70.94
O-1512,P-4,95,89,391,397,0,7,31.37
O-1513,P-2,75,59,170,186,0,0,31.35
O-1514,P-1,136,134,203,205,0,2,49.98
O-1515,P-4,125,122,361,364,0,6,31.56
O-1516,P-4,76,67,282,291,0,1,90.02
O-1517,P-1,127,108,246,265,0,5,62.45
O-1518,P-3,172,170,157,159,1,9,51.0
O-1519,P-2,112,100,314,326,0,8,83.39
O-1520,P-4,192,177,168,183,1,1,85.21
O-1521,P-2,86,74,475,487,0,0,75.59
O-1522,P-1,156,152,491,495,0,2,75.41
O-1523,P-3,94,78,182,198,0,0,86.94
O-1524,P-3,64,57,300,307,0,2,60.45
O-1525,P-3,135,135,222,222,0,4,68.81
O-1526,P-3,129,129,282,282,0,4,55.39
O-1527,P-3,172,154,119,137,1,4,35.12
O-1528,P-1,142,123,320,339,0,0,94.81
O-1529,P-1,125,120,134,139,0,4,34.62
O-1530,P-4,152,139,417,430,0,10,84.91
O-1531,P-3,193,193,179,179,1,1,55.95
O-1532,P-1,77,65,493,505,0,6,50.62
O-1533,P-4,195,194,407,408,0,6,93.61
O-1534,P-2,70,61,464,473,0,7,73.53
O-1535,P-3,171,154,452,469,0,2,75.04
O-1536,P-4,131,131,177,177,0,7,50.57
O-1537,P-4,157,140,496,513,0,2,43.63
O-1538,P-2,155,144,280,291,0,8,41.43
O-1539,P-4,75,73,153,155,0,1,56.73
O-1540,P-4,79,73,340,346,0,1,83.33
O-1541,P-4,156,155,107,108,1,0,63.73
O-1542,P-3,197,184,165,178,1,10,50.68
O-1543,P-2,116,99,181,198,0,5,58.43
O-1544,P-2,126,120,374,380,0,3,72.85
O-1545,P-3,86,77,234,243,0,2,53.49
O-1546,P-2,130,110,330,350,0,2,41.61
O-1547,P-1,81,75,410,416,0,0,79.46
O-1548,P-2,118,110,346,354,0,3,72.38
O-1549,P-4,200,191,184,193,1,3,59.0
O-1550,P-3,180,172,400,408,0,6,37.45
O-1551,P-3,131,131,467,467,0,5,50.9
O-1552,P-2,69,51,430,448,0,6,50.81
O-1553,P-2,148,141,395,402,0,0,85.65
O-1554,P-1,74,61,470,483,0,4,56.02
O-1555,P-3,107,106,105,106,1,2,77.08
O-1556,P-2,62,53,138,147,0,4,41.07
O-1557,P-2,172,157,243,258,0,5,47.15
O-1558,P-3,53,47,339,345,0,6,43.56
O-1559,P-3,181,175,499,505,0,6,40.67
O-1560,P-3,57,42,438,453,0,8,90.25
O-1561,P-1,62,42,295,315,0,6,41.48
O-1562,P-3,197,189,222,230,0,1,87.37
O-1563,P-4,123,104,247,266,0,0,75.53
O-1564,P-4,53,38,319,334,0,5,87.28
O-1565,P-2,195,186,216,225,0,8,80.39
O-1566,P-1,140,131,463,472,0,5,74.58
O-1567,P-1,160,149,205,216,0,1,92.75
O-1568,P-4,137,118,162,181,0,6,81.51
O-1569,P-3,127,112,247,262,0,1,32.66
O-1570,P-3,122,106,440,456,0,8,39.27
O-1571,P-2,75,67,254,262,0,9,74.13
O-1572,P-3,168,151,193,210,0,6,64.23
O-1573,P-3,157,155,486,488,0,2,67.72
O-1574,P-3,167,166,143,144,1,0,36.33
O-1575,P-3,176,172,214,218,0,10,50.21
O-1576,P-1,56,40,327,343,0,6,61.44
O-1577,P-2,111,106,361,366,0,8,48.81
O-1578,P-1,80,62,299,317,0,0,72.28
O-1579,P-4,178,172,278,284,0,8,39.84
O-1580,P-3,96,78,462,480,0,8,51.06
O-1581,P-3,171,161,489,499,0,3,87.25
O-1582,P-4,57,52,264,269,0,1,94.28
O-1583,P-2,185,179,144,150,1,9,82.65
O-1584,P-1,140,129,416,427,0,8,58.53
O-1585,P-4,134,134,214,214,0,4,53.26
O-1586,P-2,199,184,234,249,0,10,46.96
O-1587,P-3,194,175,459,478,0,0,68.88
O-1588,P-1,108,108,128,128,0,0,85.92
O-1589,P-1,144,133,199,210,0,5,35.98
O-1590,P-1,122,121,260,261,0,5,38.43
O-1591,P-4,106,92,465,479,0,4,49.02
O-1592,P-2,183,176,256,263,0,8,83.06
O-1593,P-2,200,188,253,265,0,1,54.96
O-1594,P-1,58,41,490,507,0,5,79.04
O-1595,P-3,123,106,337,354,0,6,54.78
O-1596,P-2,120,109,237,248,0,10,66.95
O-1597,P-3,192,186,309,315,0,0,69.67
O-1598,P-3,62,55,158,165,0,10,85.94
O-1599,P-3,110,99,155,166,0,1,35.03
O-1600,P-2,135,122,433,446,0,5,40.42
O-1601,P-1,88,76,490,502,0,10,94.5
O-1602,P-4,112,102,224,234,0,5,93.21
O-1603,P-2,164,151,217,230,0,9,45.92
O-1604,P-4,197,182,423,438,0,3,31.01
O-1605,P-1,185,173,316,328,0,5,45.69
O-1606,P-3,164,151,422,435,0,7,61.01
O-1607,P-2,200,192,495,503,0,1,33.14
O-1608,P-4,130,127,277,280,0,4,61.63
O-1609,P-2,93,93,406,406,0,0,84.11
O-1610,P-1,80,66,321,335,0,7,94.55
O-1611,P-1,68,58,119,129,0,6,66.28
O-1612,P-1,97,82,244,259,0,2,85.72
O-1613,P-2,147,127,398,418,0,3,72.7
O-1614,P-2,123,110,328,341,0,5,60.21
O-1615,P-3,105,92,131,144,0,8,50.65
O-1616,P-4,164,151,213,226,0,9,80.67
O-1617,P-1,142,125,201,218,0,2,44.91
O-1618,P-2,184,181,356,359,0,6,48.4
O-1619,P-1,71,69,137,139,0,8,78.27
O-1620,P-2,117,97,395,415,0,7,44.45
O-1621,P-4,150,139,490,501,0,8,67.56
O-1622,P-1,71,68,387,390,0,2,35.45
O-1623,P-4,154,154,237,237,0,3,50.35
O-1624,P-2,53,48,366,371,0,1,93.17
O-1625,P-1,161,152,468,477,0,10,54.16
O-1626,P-2,84,79,368,373,0,7,39.77
O-1627,P-1,90,88,279,281,0,10,30.92
O-1628,P-2,101,99,403,405,0,2,47.09
O-1629,P-1,105,103,414,416,0,2,30.02
O-1630,P-1,148,133,281,296,0,4,87.41
O-1631,P-2,139,134,112,117,1,5,52.49
O-1632,P-4,200,191,268,277,0,1,62.68
O-1633,P-1,196,196,467,467,0,7,60.77
O-1634,P-1,80,79,327,328,0,10,85.76
O-1635,P-3,65,63,198,200,0,8,58.82
O-1636,P-3,72,54,337,355,0,1,35.62
O-1637,P-3,98,94,258,262,0,0,39.13
O-1638,P-3,198,187,278,289,0,10,74.66
O-1639,P-2,178,161,480,497,0,4,60.4
O-1640,P-1,132,129,422,425,0,5,60.91
O-1641,P-3,197,184,474,487,0,6,54.26
O-1642,P-3,197,185,403,415,0,0,87.63
O-1643,P-2,50,46,202,206,0,2,45.35
O-1644,P-2,190,178,457,469,0,3,84.04
O-1645,P-2,138,123,442,457,0,9,41.58
O-1646,P-2,98,97,208,209,0,4,72.51
O-1647,P-4,91,79,449,461,0,8,35.37
O-1648,P-1,152,139,494,507,0,0,71.22
O-1649,P-4,70,66,103,107,0,5,82.83
O-1650,P-4,144,136,317,325,0,5,31.53
O-1651,P-3,59,42,478,495,0,6,36.15
O-1652,P-2,59,55,411,415,0,10,93.72
O-1653,P-1,196,188,255,263,0,9,33.17
O-1654,P-4,119,119,308,308,0,3,47.86
O-1655,P-4,167,149,315,333,0,10,60.91
O-1656,P-1,149,141,306,314,0,0,66.49
O-1657,P-3,140,122,320,338,0,6,48.45
O-1658,P-4,196,187,191,200,0,2,52.88
O-1659,P-2,168,159,330,339,0,2,30.22
O-1660,P-3,85,66,417,436,0,8,51.13
O-1661,P-2,111,106,341,346,0,3,88.14
O-1662,P-2,78,59,269,288,0,2,34.54
O-1663,P-1,65,56,303,312,0,0,63.25
O-1664,P-4,86,79,347,354,0,3,75.09
O-1665,P-4,85,81,367,371,0,4,66.63
O-1666,P-3,148,140,426,434,0,3,39.64
O-1667,P-1,174,154,186,206,0,8,54.69
O-1668,P-1,53,37,216,232,0,3,36.42
O-1669,P-3,112,105,453,460,0,7,47.27
O-1670,P-3,198,183,337,352,0,1,71.2
O-1671,P-2,52,34,320,338,0,1,42.66
O-1672,P-4,126,118,372,380,0,3,62.7
O-1673,P-4,127,124,326,329,0,5,37.07
O-1674,P-2,89,79,180,190,0,3,85.4
O-1675,P-2,140,130,330,340,0,4,30.37
O-1676,P-4,125,114,112,123,1,5,66.4
O-1677,P-2,170,169,499,500,0,10,94.15
O-1678,P-4,84,82,266,268,0,6,68.34
O-1679,P-2,130,119,495,506,0,7,60.44
O-1680,P-4,151,136,124,139,1,8,58.42
O-1681,P-1,186,181,362,367,0,1,94.54
O-1682,P-1,185,172,110,123,1,6,83.83
O-1683,P-1,101,83,281,299,0,9,43.4
O-1684,P-2,103,97,255,261,0,2,89.79
O-1685,P-3,100,94,494,500,0,6,41.38
O-1686,P-1,179,168,344,355,0,4,31.05
O-1687,P-4,108,106,433,435,0,10,31.03
O-1688,P-3,170,169,131,132,1,9,72.96
O-1689,P-3,91,91,354,354,0,3,89.08
O-1690,P-3,146,127,469,488,0,8,52.66
O-1691,P-2,50,41,343,352,0,7,72.66
O-1692,P-3,71,68,467,470,0,6,46.29
O-1693,P-3,62,56,193,199,0,0,45.46
O-1694,P-4,117,100,325,342,0,1,63.44
O-1695,P-3,143,130,428,441,0,0,93.38
O-1696,P-1,180,174,172,178,1,10,78.4
O-1697,P-2,107,103,376,380,0,9,92.34
O-1698,P-4,192,183,206,215,0,9,56.67
O-1699,P-2,120,116,305,309,0,1,39.26
O-1700,P-3,81,64,480,497,0,9,93.63
O-1701,P-3,76,74,474,476,0,9,85.25
O-1702,P-4,141,139,106,108,1,1,62.17
O-1703,P-4,75,57,148,166,0,1,73.72
O-1704,P-4,160,160,210,210,0,9,51.38
O-1705,P-3,167,147,234,254,0,2,78.97
O-1706,P-2,73,53,307,327,0,5,79.18
O-1707,P-2,198,189,359,368,0,10,64.99
O-1708,P-4,151,147,297,301,0,1,93.1
O-1709,P-3,106,99,215,222,0,7,49.29
O-1710,P-1,152,132,394,414,0,6,93.82
O-1711,P-3,113,96,396,413,0,2,36.81
O-1712,P-2,93,93,386,386,0,7,60.98
O-1713,P-2,84,72,210,222,0,10,73.85
O-1714,P-3,80,78,414,416,0,1,77.62
O-1715,P-2,149,136,295,308,0,7,50.23
O-1716,P-2,70,60,331,341,0,1,69.4
O-1717,P-1,195,177,291,309,0,1,62.38
O-1718,P-2,95,79,176,192,0,7,87.74
O-1719,P-1,136,122,437,451,0,8,91.36
O-1720,P-1,172,154,150,168,1,8,66.59
O-1721,P-4,56,41,153,168,0,5,49.88
O-1722,P-3,62,53,297,306,0,3,74.47
O-1723,P-4,102,87,205,220,0,9,54.8
O-1724,P-1,89,85,406,410,0,3,57.48
O-1725,P-3,174,166,407,415,0,0,79.86
O-1726,P-2,115,103,245,257,0,8,47.0
O-1727,P-1,108,107,298,299,0,2,70.0
O-1728,P-4,89,79,228,238,0,2,71.87
O-1729,P-4,56,42,135,149,0,3,39.32
O-1730,P-3,59,55,153,157,0,10,66.58
O-1731,P-4,122,103,298,317,0,7,69.82
O-1732,P-3,149,141,182,190,0,5,49.49
O-1733,P-1,165,151,298,312,0,7,55.93
O-1734,P-2,150,146,340,344,0,1,84.14
O-1735,P-4,102,90,390,402,0,10,74.24
O-1736,P-2,185,165,118,138,1,10,30.56
O-1737,P-1,130,112,328,346,0,7,36.6
O-1738,P-2,113,110,439,442,0,2,32.56
O-1739,P-4,175,157,276,294,0,5,38.77
O-1740,P-3,54,35,402,421,0,6,42.48
O-1741,P-3,119,105,437,451,0,1,93.59
O-1742,P-1,181,168,308,321,0,5,65.9
O-1743,P-4,77,70,138,145,0,2,82.09
O-1744,P-1,77,58,162,181,0,0,78.49
O-1745,P-1,185,179,343,349,0,3,42.09
O-1746,P-3,197,191,458,464,0,1,85.16
O-1747,P-2,111,95,103,119,0,10,40.48
O-1748,P-1,72,62,401,411,0,5,77.26
O-1749,P-3,140,127,338,351,0,7,88.44
O-1750,P-4,94,90,403,407,0,2,60.7
O-1751,P-3,177,164,322,335,0,2,36.89
O-1752,P-3,90,80,422,432,0,4,68.94
O-1753,P-3,103,93,452,462,0,3,88.62
O-1754,P-4,194,179,109,124,1,5,39.64
O-1755,P-3,120,116,286,290,0,0,30.2
O-1756,P-3,80,71,475,484,0,0,62.77
O-1757,P-2,157,155,288,290,0,7,54.83
O-1758,P-2,132,132,163,163,0,0,53.97
O-1759,P-3,122,112,389,399,0,9,76.39
O-1760,P-4,141,131,141,151,0,6,65.43
O-1761,P-4,192,192,126,126,1,10,32.74
O-1762,P-2,156,139,134,151,1,0,67.88
O-1763,P-1,122,114,384,392,0,5,43.1
O-1764,P-3,181,169,204,216,0,2,36.94
O-1765,P-2,114,108,361,367,0,0,41.76
O-1766,P-3,113,111,415,417,0,1,70.25
O-1767,P-1,98,85,479,492,0,5,31.46
O-1768,P-1,94,94,157,157,0,1,87.62
O-1769,P-3,59,44,321,336,0,7,67.49
O-1770,P-1,164,164,432,432,0,0,75.69
O-1771,P-2,191,174,174,191,0,5,67.71
O-1772,P-3,114,110,270,274,0,5,65.05
O-1773,P-2,151,149,314,316,0,1,67.41
O-1774,P-3,154,151,215,218,0,10,75.11
O-1775,P-2,74,68,112,118,0,0,42.07
O-1776,P-1,127,114,417,430,0,9,68.57
O-1777,P-4,139,124,113,128,1,6,35.64
O-1778,P-3,132,123,382,391,0,7,74.45
O-1779,P-1,175,170,331,336,0,4,69.07
O-1780,P-4,95,83,122,134,0,4,74.4
O-1781,P-4,160,160,462,462,0,8,36.91
O-1782,P-4,141,126,305,320,0,8,86.91
O-1783,P-1,97,79,311,329,0,1,39.58
O-1784,P-2,85,75,224,234,0,7,60.86
O-1785,P-4,87,85,344,346,0,8,78.97
O-1786,P-3,145,133,330,342,0,9,38.28
O-1787,P-4,87,67,120,140,0,5,72.26
O-1788,P-3,137,120,364,381,0,9,47.43
O-1789,P-3,135,119,446,462,0,6,73.53
O-1790,P-2,94,91,470,473,0,4,81.35
O-1791,P-3,114,111,292,295,0,8,82.78
O-1792,P-3,175,156,155,174,1,7,39.08
O-1793,P-1,158,152,120,126,1,10,51.94
O-1794,P-3,191,173,262,280,0,3,70.06
O-1795,P-2,94,87,243,250,0,1,58.29
O-1796,P-4,147,147,377,377,0,4,86.88
O-1797,P-3,146,141,306,311,0,3,47.82
O-1798,P-3,149,131,276,294,0,5,77.07
O-1799,P-4,199,179,364,384,0,9,93.65
O-1800,P-3,165,161,250,254,0,2,89.54
O-1801,P-2,95,86,380,389,0,7,45.36
O-1802,P-2,95,91,373,377,0,2,41.17
O-1803,P-3,144,126,500,518,0,4,76.16
O-1804,P-2,188,176,368,380,0,7,67.54
O-1805,P-4,126,123,409,412,0,6,31.55
O-1806,P-4,108,94,229,243,0,7,54.15
O-1807,P-2,148,128,321,341,0,1,63.32
O-1808,P-4,193,185,130,138,1,0,54.13
O-1809,P-4,162,147,321,336,0,8,39.97
O-1810,P-4,61,52,106,115,0,2,57.14
O-1811,P-2,106,92,184,198,0,10,59.87
O-1812,P-3,200,184,449,465,0,4,31.44
O-1813,P-4,87,70,214,231,0,3,39.96
O-1814,P-1,66,56,129,139,0,6,60.76
O-1815,P-1,123,116,412,419,0,2,68.57
O-1816,P-1,88,87,101,102,0,7,93.94
O-1817,P-3,60,41,100,119,0,3,83.57
O-1818,P-4,116,111,429,434,0,8,74.79
O-1819,P-1,157,150,258,265,0,10,39.67
O-1820,P-2,122,112,452,462,0,5,58.3
O-1821,P-1,58,50,299,307,0,2,92.83
O-1822,P-3,114,101,147,160,0,7,87.47
O-1823,P-2,145,135,101,111,1,1,51.61
O-1824,P-3,154,136,421,439,0,1,89.42
O-1825,P-2,108,107,213,214,0,7,33.1
O-1826,P-1,191,182,499,508,0,1,55.29
O-1827,P-3,116,111,436,441,0,4,88.89
O-1828,P-2,50,43,133,140,0,4,51.94
O-1829,P-4,114,114,417,417,0,1,40.42
O-1830,P-2,173,155,482,500,0,1,90.7
O-1831,P-4,140,140,440,440,0,5,84.44
O-1832,P-3,191,181,161,171,1,9,71.48
O-1833,P-2,121,111,310,320,0,1,50.05
O-1834,P-3,75,64,158,169,0,1,38.04
O-1835,P-2,75,63,485,497,0,0,51.66
O-1836,P-1,77,69,181,189,0,9,40.94
O-1837,P-1,119,101,473,491,0,3,43.72
O-1838,P-4,81,68,230,243,0,10,37.45
O-1839,P-2,113,112,474,475,0,1,44.18
O-1840,P-1,81,70,266,277,0,6,43.1
O-1841,P-2,160,146,181,195,0,0,64.08
O-1842,P-2,185,183,400,402,0,7,59.21
O-1843,P-3,148,141,382,389,0,8,76.88
O-1844,P-3,112,95,414,431,0,9,93.53
O-1845,P-1,128,115,228,241,0,4,73.54
O-1846,P-3,186,176,352,362,0,3,36.71
O-1847,P-2,162,158,213,217,0,3,46.67
O-1848,P-4,187,167,489,509,0,3,65.17
O-1849,P-1,141,127,384,398,0,2,67.16
O-1850,P-3,125,111,131,145,0,10,32.05
O-1851,P-2,58,41,189,206,0,10,79.69
O-1852,P-2,185,167,399,417,0,5,94.82
O-1853,P-2,55,49,307,313,0,4,86.86
O-1854,P-1,84,83,365,366,0,2,45.63
O-1855,P-1,95,94,318,319,0,7,81.35
O-1856,P-1,136,136,116,116,1,0,74.91
O-1857,P-1,162,145,431,448,0,5,94.25
O-1858,P-3,172,163,351,360,0,8,83.58
O-1859,P-3,116,109,293,300,0,5,77.05
O-1860,P-3,144,143,287,288,0,4,54.4
O-1861,P-1,184,179,164,169,1,1,90.33
O-1862,P-4,182,176,293,299,0,3,45.74
O-1863,P-1,157,153,288,292,0,8,92.45
O-1864,P-3,124,123,195,196,0,6,53.99
O-1865,P-2,181,163,371,389,0,8,77.5
O-1866,P-3,64,55,222,231,0,3,79.73
O-1867,P-3,166,150,338,354,0,1,42.91
O-1868,P-1,69,67,484,486,0,9,51.28
O-1869,P-4,56,56,400,400,0,1,38.31
O-1870,P-1,50,31,448,467,0,3,52.48
O-1871,P-1,172,162,113,123,1,9,82.97
O-1872,P-2,59,50,166,175,0,8,32.79
O-1873,P-3,54,53,198,199,0,0,55.86
O-1874,P-1,115,105,282,292,0,0,41.92
O-1875,P-1,79,72,255,262,0,8,52.27
O-1876,P-2,54,35,124,143,0,8,48.57
O-1877,P-2,191,171,409,429,0,9,63.94
O-1878,P-2,129,111,416,434,0,3,84.55
O-1879,P-2,192,177,179,194,0,6,57.15
O-1880,P-1,142,122,224,244,0,8,93.76
O-1881,P-1,87,75,402,414,0,5,47.29
O-1882,P-4,87,81,370,376,0,5,78.78
O-1883,P-3,57,52,344,349,0,3,63.4
O-1884,P-4,135,135,124,124,1,1,48.15
O-1885,P-3,62,51,212,223,0,10,62.19
O-1886,P-4,83,64,170,189,0,5,61.99
O-1887,P-4,186,178,134,142,1,3,35.8
O-1888,P-2,52,46,184,190,0,10,30.03
O-1889,P-1,138,126,162,174,0,3,73.41
O-1890,P-3,61,58,320,323,0,4,43.32
O-1891,P-3,91,71,147,167,0,7,42.57
O-1892,P-4,188,181,158,165,1,8,52.0
O-1893,P-4,110,98,365,377,0,2,30.15
O-1894,P-2,143,143,497,497,0,5,74.64
O-1895,P-4,192,174,373,391,0,10,69.58
O-1896,P-3,114,98,249,265,0,10,51.95
O-1897,P-1,141,136,220,225,0,8,42.74
O-1898,P-2,148,131,176,193,0,9,76.71
O-1899,P-2,110,99,126,137,0,4,86.41
O-1900,P-4,137,126,237,248,0,4,55.61
O-1901,P-2,99,82,393,410,0,1,35.17
O-1902,P-3,106,96,371,381,0,9,85.93
O-1903,P-1,54,35,264,283,0,7,44.57
O-1904,P-2,135,117,220,238,0,4,53.67
O-1905,P-4,143,124,209,228,0,6,57.71
O-1906,P-3,148,129,370,389,0,1,69.33
O-1907,P-2,134,117,497,514,0,6,86.16
O-1908,P-4,121,104,423,440,0,5,81.78
O-1909,P-3,51,50,121,122,0,2,44.92
O-1910,P-2,58,42,204,220,0,10,41.84
O-1911,P-1,106,93,329,342,0,10,49.02
O-1912,P-4,105,100,462,467,0,8,42.38
O-1913,P-1,73,57,225,241,0,6,76.64
O-1914,P-4,139,124,337,352,0,5,47.27
O-1915,P-2,111,108,300,303,0,0,92.42
O-1916,P-4,133,128,188,193,0,2,87.3
O-1917,P-1,143,136,395,402,0,8,50.02
O-1918,P-4,116,108,395,403,0,7,59.04
O-1919,P-4,169,153,354,370,0,1,83.14
O-1920,P-2,63,46,196,213,0,2,66.02
O-1921,P-4,65,64,203,204,0,0,55.21
O-1922,P-1,197,192,498,503,0,9,36.01
O-1923,P-2,177,175,411,413,0,1,39.81
O-1924,P-2,72,69,157,160,0,6,41.75
O-1925,P-1,104,103,250,251,0,9,43.55
O-1926,P-1,192,180,420,432,0,8,67.47
O-1927,P-3,147,145,479,481,0,10,66.98
O-1928,P-3,141,124,267,284,0,8,90.06
O-1929,P-2,172,165,385,392,0,7,70.26
O-1930,P-4,77,67,263,273,0,4,74.49
O-1931,P-1,177,159,493,511,0,10,81.14
O-1932,P-1,85,77,336,344,0,6,33.86
O-1933,P-1,73,58,182,197,0,6,63.6
O-1934,P-3,154,140,152,166,0,3,51.59
O-1935,P-1,194,181,193,206,0,5,75.72
O-1936,P-3,162,154,323,331,0,6,68.03
O-1937,P-2,200,200,486,486,0,1,68.25
O-1938,P-4,119,101,101,119,0,5,41.19
O-1939,P-3,80,67,295,308,0,9,89.02
O-1940,P-1,132,119,193,206,0,3,89.28
O-1941,P-4,188,183,154,159,1,1,72.95
O-1942,P-1,163,163,474,474,0,8,63.03
O-1943,P-1,183,167,477,493,0,3,54.3
O-1944,P-1,96,90,294,300,0,9,35.95
O-1945,P-1,172,152,125,145,1,4,37.66
O-1946,P-1,191,174,214,231,0,5,80.64
O-1947,P-4,117,98,319,338,0,0,39.86
O-1948,P-4,154,146,377,385,0,8,67.3
O-1949,P-2,184,170,408,422,0,9,84.15
O-1950,P-1,104,89,468,483,0,6,93.77
O-1951,P-1,127,112,174,189,0,4,72.27
O-1952,P-2,66,50,164,180,0,4,92.17
O-1953,P-1,107,97,418,428,0,2,91.57
O-1954,P-4,130,129,156,157,0,1,74.17
O-1955,P-1,65,58,405,412,0,8,50.44
O-1956,P-4,196,187,169,178,1,4,49.07
O-1957,P-4,53,44,261,270,0,6,58.8
O-1958,P-1,144,136,307,315,0,6,41.98
O-1959,P-4,158,153,195,200,0,1,92.61
O-1960,P-4,121,118,147,150,0,5,63.61
O-1961,P-4,82,76,140,146,0,2,81.06
O-1962,P-1,63,57,370,376,0,4,57.96
O-1963,P-4,109,93,266,282,0,4,73.93
O-1964,P-4,85,79,178,184,0,7,70.35
O-1965,P-1,192,175,294,311,0,10,52.99
O-1966,P-1,108,98,468,478,0,8,88.1
O-1967,P-3,181,179,317,319,0,5,89.59
O-1968,P-3,165,148,154,171,0,0,68.72
O-1969,P-2,173,155,459,477,0,2,84.58
O-1970,P-2,102,85,432,449,0,3,45.31
O-1971,P-1,62,44,385,403,0,3,83.05
O-1972,P-1,57,41,423,439,0,9,37.91
O-1973,P-1,131,111,224,244,0,10,79.08
O-1974,P-4,54,40,484,498,0,6,83.13
O-1975,P-3,149,136,237,250,0,1,55.54
O-1976,P-3,118,99,340,359,0,0,66.51
O-1977,P-2,53,37,219,235,0,8,94.68
O-1978,P-4,166,154,111,123,1,9,35.65
O-1979,P-4,196,185,171,182,1,1,63.18
O-1980,P-1,69,66,377,380,0,10,69.56
O-1981,P-4,63,55,469,477,0,5,65.98
O-1982,P-3,143,128,100,115,1,9,55.95
O-1983,P-3,95,79,183,199,0,8,87.56
O-1984,P-3,111,109,169,171,0,6,65.25
O-1985,P-3,50,31,191,210,0,7,72.7
O-1986,P-3,101,100,116,117,0,7,74.23
O-1987,P-1,195,179,339,355,0,6,56.79
O-1988,P-2,187,185,209,211,0,1,39.99
O-1989,P-4,111,101,177,187,0,6,47.75
O-1990,P-4,178,172,380,386,0,4,54.87
O-1991,P-3,164,145,271,290,0,5,40.36
O-1992,P-2,109,106,142,145,0,1,94.11
O-1993,P-1,144,137,261,268,0,4,94.88
O-1994,P-1,62,60,263,265,0,1,90.48
O-1995,P-3,98,94,337,341,0,9,76.04
O-1996,P-3,198,195,101,104,1,4,87.09
O-1997,P-4,94,77,283,300,0,5,74.59
O-1998,P-3,197,197,429,429,0,0,89.07
O-1999,P-1,82,76,439,445,0,3,75.43
O-2000,P-3,139,139,137,137,1,7,38.45
O-2001,P-4,196,192,212,216,0,3,34.53
O-2002,P-1,79,77,296,298,0,6,70.06
O-2003,P-1,72,67,403,408,0,9,55.69
O-2004,P-2,168,154,112,126,1,9,37.44
O-2005,P-3,93,91,280,282,0,8,89.14
O-2006,P-1,200,190,391,401,0,7,74.9
O-2007,P-4,89,73,397,413,0,7,47.95
O-2008,P-3,125,108,165,182,0,10,91.46
O-2009,P-1,78,76,315,317,0,5,73.75
O-2010,P-1,141,137,456,460,0,1,32.69
O-2011,P-2,138,119,218,237,0,7,88.7
O-2012,P-1,68,53,252,267,0,6,40.34
O-2013,P-2,70,64,160,166,0,6,53.85
O-2014,P-3,142,131,130,141,1,4,80.91
O-2015,P-3,127,107,409,429,0,6,85.02
O-2016,P-4,137,117,384,404,0,5,63.45
O-2017,P-1,136,129,168,175,0,4,42.13
O-2018,P-3,70,59,442,453,0,8,93.71
O-2019,P-3,118,98,271,291,0,3,66.68
O-2020,P-3,55,38,457,474,0,0,90.9
O-2021,P-3,96,93,222,225,0,0,53.92
O-2022,P-1,156,153,254,257,0,5,82.62
O-2023,P-4,141,136,172,177,0,1,59.03
O-2024,P-3,167,159,236,244,0,10,62.32
O-2025,P-2,132,119,196,209,0,3,89.22
O-2026,P-1,173,168,473,478,0,2,60.1
O-2027,P-2,72,57,184,199,0,0,70.46
O-2028,P-3,140,134,220,226,0,2,80.11
O-2029,P-4,159,157,359,361,0,5,88.98
O-2030,P-4,175,172,179,182,0,6,91.89
O-2031,P-2,117,113,174,178,0,3,40.49
O-2032,P-1,153,152,293,294,0,2,72.65
O-2033,P-4,120,117,220,223,0,0,66.33
O-2034,P-3,180,171,439,448,0,6,55.1
O-2035,P-3,144,142,319,321,0,4,89.69
O-2036,P-3,177,166,194,205,0,0,31.18
O-2037,P-2,128,126,203,205,0,9,70.32
O-2038,P-4,173,166,140,147,1,9,72.38
O-2039,P-1,129,123,159,165,0,9,42.24
O-2040,P-3,139,124,293,308,0,4,48.47
O-2041,P-1,177,165,252,264,0,9,87.51
O-2042,P-1,130,123,340,347,0,3,66.73
O-2043,P-2,144,126,338,356,0,0,40.5
O-2044,P-2,193,175,490,508,0,5,48.31
O-2045,P-4,81,69,391,403,0,9,45.76
O-2046,P-3,193,188,174,179,1,3,38.34
O-2047,P-4,79,64,489,504,0,0,85.36
O-2048,P-3,127,119,390,398,0,6,34.17
O-2049,P-2,150,139,370,381,0,9,51.93
O-2050,P-4,98,90,456,464,0,5,34.71
O-2051,P-3,129,115,249,263,0,2,37.01
O-2052,P-3,130,126,391,395,0,4,82.31
O-2053,P-1,64,60,216,220,0,8,40.62
O-2054,P-3,89,70,219,238,0,0,56.08
O-2055,P-1,81,68,333,346,0,5,57.75
O-2056,P-4,109,91,384,402,0,4,31.89
O-2057,P-3,91,87,249,253,0,0,82.93
O-2058,P-4,96,88,125,133,0,6,89.83
O-2059,P-2,199,189,297,307,0,6,89.47
O-2060,P-2,62,59,371,374,0,7,52.53
O-2061,P-4,200,181,416,435,0,4,50.69
O-2062,P-1,91,91,284,284,0,4,41.45
O-2063,P-3,163,163,256,256,0,8,67.71
O-2064,P-3,130,124,449,455,0,7,88.75
O-2065,P-4,171,161,187,197,0,2,31.14
O-2066,P-1,88,70,246,264,0,1,92.08
O-2067,P-4,89,69,309,329,0,2,92.01
O-2068,P-1,77,70,435,442,0,8,67.3
O-2069,P-2,78,67,375,386,0,2,64.83
O-2070,P-4,84,84,121,121,0,6,64.09
O-2071,P-2,105,96,437,446,0,2,58.35
O-2072,P-2,186,180,157,163,1,4,89.61
O-2073,P-1,100,97,476,479,0,8,58.08
O-2074,P-4,151,145,149,155,0,0,41.66
O-2075,P-2,160,155,334,339,0,6,41.53
O-2076,P-2,153,148,303,308,0,7,49.81
O-2077,P-1,89,86,444,447,0,8,42.14
O-2078,P-1,144,126,185,203,0,0,82.86
O-2079,P-2,140,122,314,332,0,9,49.43
O-2080,P-4,140,122,148,166,0,2,70.09
O-2081,P-2,198,179,111,130,1,7,70.13
O-2082,P-4,128,113,230,245,0,8,34.89
O-2083,P-2,186,183,294,297,0,4,50.54
O-2084,P-2,151,139,248,260,0,8,65.38
O-2085,P-3,188,171,221,238,0,9,85.55
O-2086,P-1,138,126,489,501,0,10,86.51
O-2087,P-3,125,112,329,342,0,9,89.3
O-2088,P-1,81,80,218,219,0,4,92.98
O-2089,P-2,146,142,498,502,0,2,69.73
O-2090,P-4,105,85,431,451,0,10,46.81
O-2091,P-3,109,92,215,232,0,5,93.01
O-2092,P-3,97,95,134,136,0,7,60.12
O-2093,P-2,128,123,448,453,0,5,37.52
O-2094,P-3,116,102,332,346,0,4,53.8
O-2095,P-2,196,182,202,216,0,4,45.04
O-2096,P-1,183,164,193,212,0,6,62.89
O-2097,P-2,97,87,450,460,0,1,74.95
O-2098,P-4,141,128,451,464,0,7,54.8
O-2099,P-1,84,66,409,427,0,9,57.95
O-2100,P-3,109,99,183,193,0,1,56.62
O-2101,P-3,193,182,496,507,0,7,38.22
O-2102,P-1,165,163,336,338,0,0,64.39
O-2103,P-3,96,90,426,432,0,0,85.18
O-2104,P-1,196,176,185,205,0,1,54.08
O-2105,P-2,131,125,164,170,0,10,37.9
O-2106,P-2,81,74,470,477,0,6,51.33
O-2107,P-1,137,121,354,370,0,3,58.59
O-2108,P-2,160,158,287,289,0,10,35.59
O-2109,P-3,75,63,248,260,0,3,84.49
O-2110,P-2,113,104,190,199,0,8,46.67
O-2111,P-4,126,113,235,248,0,0,73.5
O-2112,P-1,180,177,234,237,0,10,64.38
O-2113,P-2,50,32,188,206,0,2,63.09
O-2114,P-3,118,112,110,116,1,10,79.24
O-2115,P-3,141,125,213,229,0,3,60.87
O-2116,P-1,157,157,195,195,0,8,47.19
O-2117,P-2,168,164,103,107,1,4,33.68
O-2118,P-4,129,126,424,427,0,2,60.27
O-2119,P-4,126,122,194,198,0,4,75.1
O-2120,P-2,160,157,452,455,0,6,39.71
O-2121,P-4,84,82,392,394,0,5,67.92
O-2122,P-1,194,194,113,113,1,7,78.92
O-2123,P-1,69,49,299,319,0,7,82.28
O-2124,P-3,115,106,225,234,0,6,79.37
O-2125,P-3,200,192,486,494,0,1,49.83
O-2126,P-4,74,67,166,173,0,7,69.17
O-2127,P-3,77,59,441,459,0,1,57.94
O-2128,P-4,65,65,356,356,0,8,31.54
O-2129,P-2,153,135,477,495,0,8,92.53
O-2130,P-2,179,174,160,165,1,3,58.06
O-2131,P-2,103,97,101,107,0,0,54.5
O-2132,P-3,195,193,162,164,1,4,31.5
O-2133,P-1,186,168,472,490,0,7,65.22
O-2134,P-3,200,184,241,257,0,10,87.87
O-2135,P-2,86,68,258,276,0,2,82.32
O-2136,P-1,197,178,405,424,0,4,58.08
O-2137,P-2,73,57,177,193,0,2,68.77
O-2138,P-3,84,70,216,230,0,5,40.39
O-2139,P-2,85,68,459,476,0,5,90.99
O-2140,P-2,106,105,235,236,0,6,38.31
O-2141,P-2,159,157,279,281,0,1,47.19
O-2142,P-3,128,108,190,210,0,2,85.39
O-2143,P-3,102,93,351,360,0,2,92.47
O-2144,P-1,165,165,360,360,0,6,55.18
O-2145,P-3,125,110,339,354,0,1,71.54
O-2146,P-3,130,122,207,215,0,4,87.12
O-2147,P-4,94,94,304,304,0,10,71.78
O-2148,P-1,159,152,257,264,0,3,86.16
O-2149,P-2,75,74,193,194,0,1,72.67
O-2150,P-3,158,158,222,222,0,7,71.72
O-2151,P-4,62,60,145,147,0,4,89.73
O-2152,P-4,149,145,489,493,0,5,46.79
O-2153,P-3,136,120,184,200,0,1,66.28
O-2154,P-4,159,159,382,382,0,8,40.05
O-2155,P-2,164,151,386,399,0,1,48.64
O-2156,P-1,84,78,302,308,0,2,32.47
O-2157,P-4,141,139,323,325,0,9,85.23
O-2158,P-3,52,46,201,207,0,5,40.18
O-2159,P-2,77,64,407,420,0,1,44.86
O-2160,P-2,109,90,268,287,0,3,51.18
O-2161,P-1,136,126,481,491,0,1,88.99
O-2162,P-3,61,42,336,355,0,2,49.22
O-2163,P-3,56,42,204,218,0,0,54.98
O-2164,P-3,108,92,108,124,0,2,34.74
O-2165,P-3,185,173,175,187,0,7,59.17
O-2166,P-4,102,92,206,216,0,8,74.96
O-2167,P-3,117,101,367,383,0,6,75.1
O-2168,P-3,71,61,405,415,0,7,50.43
O-2169,P-3,69,51,460,478,0,0,41.76
O-2170,P-2,76,73,489,492,0,1,72.33
O-2171,P-4,145,142,247,250,0,4,45.12
O-2172,P-3,155,137,381,399,0,0,55.84
O-2173,P-4,70,58,199,211,0,7,74.54
O-2174,P-1,107,104,325,328,0,2,58.16
O-2175,P-2,190,180,155,165,1,9,75.55
O-2176,P-4,194,181,130,143,1,2,59.42
O-2177,P-3,200,189,111,122,1,7,65.5
O-2178,P-3,76,58,187,205,0,9,35.05
O-2179,P-3,99,92,205,212,0,2,34.37
O-2180,P-2,58,51,307,314,0,9,43.53
O-2181,P-2,56,45,388,399,0,8,84.06
O-2182,P-3,84,83,160,161,0,2,34.89
O-2183,P-4,164,154,418,428,0,1,59.01
O-2184,P-2,131,127,441,445,0,8,36.69
O-2185,P-2,118,108,170,180,0,4,36.88
O-2186,P-3,126,119,441,448,0,0,68.43
O-2187,P-2,110,102,421,429,0,10,77.84
O-2188,P-1,200,182,385,403,0,6,70.14
O-2189,P-1,178,167,476,487,0,8,65.2
O-2190,P-3,93,82,256,267,0,3,35.21
O-2191,P-4,153,148,487,492,0,4,42.27
O-2192,P-3,52,52,410,410,0,10,75.09
O-2193,P-1,172,163,431,440,0,0,33.24
O-2194,P-1,73,71,403,405,0,3,57.29
O-2195,P-1,157,156,342,343,0,6,44.2
O-2196,P-3,158,154,214,218,0,10,87.59
O-2197,P-4,149,138,241,252,0,4,60.15
O-2198,P-4,121,108,135,148,0,7,65.78
O-2199,P-1,128,120,495,503,0,4,47.46
O-2200,P-4,187,176,481,492,0,3,66.91
O-2201,P-3,136,129,356,363,0,5,91.33
O-2202,P-2,186,184,234,236,0,10,85.02
O-2203,P-4,146,144,377,379,0,7,46.67
O-2204,P-4,72,56,290,306,0,8,39.69
O-2205,P-4,148,148,248,248,0,3,57.85
O-2206,P-3,162,156,111,117,1,6,38.82
O-2207,P-2,179,166,268,281,0,3,82.54
O-2208,P-1,130,110,265,285,0,0,39.03
O-2209,P-1,154,142,205,217,0,2,56.14
O-2210,P-2,157,147,493,503,0,3,59.74
O-2211,P-1,187,180,144,151,1,10,49.66
O-2212,P-1,137,120,324,341,0,3,69.47
O-2213,P-2,156,141,357,372,0,0,47.62
O-2214,P-2,164,163,158,159,1,7,49.39
O-2215,P-4,185,180,407,412,0,6,80.08
O-2216,P-3,120,118,138,140,0,6,68.5
O-2217,P-1,54,47,419,426,0,1,82.29
O-2218,P-4,183,168,103,118,1,1,49.19
O-2219,P-2,107,93,286,300,0,3,47.31
O-2220,P-4,146,136,168,178,0,4,75.4
O-2221,P-4,180,163,175,192,0,1,46.17
O-2222,P-3,168,149,497,516,0,9,34.79
O-2223,P-3,194,175,165,184,1,0,92.82
O-2224,P-4,172,160,384,396,0,8,42.17
O-2225,P-4,114,95,226,245,0,1,78.49
O-2226,P-1,169,157,175,187,0,9,49.82
O-2227,P-2,132,128,425,429,0,8,69.84
O-2228,P-4,88,87,365,366,0,2,32.01
O-2229,P-4,189,188,432,433,0,5,35.54
O-2230,P-3,89,69,475,495,0,10,30.44
O-2231,P-2,130,118,149,161,0,0,42.77
O-2232,P-2,135,116,481,500,0,9,63.52
O-2233,P-2,50,42,352,360,0,6,64.75
O-2234,P-2,170,150,117,137,1,8,75.18
O-2235,P-2,50,39,277,288,0,8,82.5
O-2236,P-3,175,160,101,116,1,0,88.0
O-2237,P-1,189,185,191,195,0,1,68.26
O-2238,P-4,55,41,373,387,0,8,40.23
O-2239,P-3,156,152,202,206,0,0,60.45
O-2240,P-3,80,61,458,477,0,9,35.13
O-2241,P-2,152,145,195,202,0,10,56.21
O-2242,P-3,143,135,251,259,0,7,74.13
O-2243,P-2,157,142,298,313,0,6,51.24
O-2244,P-4,192,178,103,117,1,3,33.15
O-2245,P-1,72,52,424,444,0,6,68.2
O-2246,P-1,117,107,180,190,0,3,66.95
O-2247,P-3,139,124,251,266,0,10,93.8
O-2248,P-2,54,34,387,407,0,1,52.78
O-2249,P-2,176,175,261,262,0,6,82.76
O-2250,P-1,157,145,108,120,1,2,34.09
O-2251,P-3,73,60,354,367,0,1,64.23
O-2252,P-1,195,187,128,136,1,6,74.2
O-2253,P-3,126,114,397,409,0,3,38.0
O-2254,P-2,97,90,481,488,0,7,35.77
O-2255,P-3,98,94,453,457,0,9,74.37
O-2256,P-2,151,137,292,306,0,9,58.55
O-2257,P-2,74,66,452,460,0,0,44.82
O-2258,P-2,173,163,264,274,0,1,38.24
O-2259,P-4,57,57,466,466,0,6,43.87
O-2260,P-2,179,178,303,304,0,6,31.84
O-2261,P-4,178,169,169,178,0,10,32.44
O-2262,P-4,157,153,290,294,0,9,57.93
O-2263,P-2,155,153,244,246,0,9,61.57
O-2264,P-2,159,158,401,402,0,9,30.92
O-2265,P-3,115,103,151,163,0,2,68.07
O-2266,P-1,165,152,479,492,0,2,93.19
O-2267,P-3,178,162,172,188,0,2,65.49
O-2268,P-4,101,93,394,402,0,10,78.59
O-2269,P-3,111,111,417,417,0,7,37.76
O-2270,P-1,131,117,450,464,0,8,73.26
O-2271,P-4,51,50,297,298,0,8,82.6
O-2272,P-2,115,106,233,242,0,1,30.32
O-2273,P-2,112,99,199,212,0,0,47.41
O-2274,P-2,121,119,208,210,0,4,58.16
O-2275,P-1,119,103,106,122,0,4,53.01
O-2276,P-4,199,179,489,509,0,8,58.09
O-2277,P-2,85,75,366,376,0,4,84.88
O-2278,P-2,143,140,436,439,0,4,94.57
O-2279,P-2,106,101,319,324,0,0,54.49
O-2280,P-3,50,38,306,318,0,2,71.75
O-2281,P-1,142,132,388,398,0,4,90.31
O-2282,P-2,56,52,187,191,0,3,82.82
O-2283,P-4,68,48,327,347,0,6,68.57
O-2284,P-1,198,189,289,298,0,8,83.74
O-2285,P-2,88,81,403,410,0,6,90.82
O-2286,P-1,56,36,350,370,0,0,79.43
O-2287,P-1,109,102,240,247,0,8,69.49
O-2288,P-4,107,101,273,279,0,5,61.64
O-2289,P-2,141,137,429,433,0,1,73.91
O-2290,P-2,128,113,126,141,0,10,90.85
O-2291,P-3,162,148,416,430,0,7,39.24
O-2292,P-3,109,96,471,484,0,6,44.17
O-2293,P-2,165,160,407,412,0,10,63.09
O-2294,P-2,146,135,135,146,0,8,67.9
O-2295,P-4,196,185,378,389,0,4,61.66
O-2296,P-1,153,135,382,400,0,1,36.43
O-2297,P-3,82,64,468,486,0,2,71.4
O-2298,P-2,192,186,312,318,0,6,78.51
O-2299,P-4,58,54,165,169,0,2,68.24
O-2300,P-1,171,157,414,428,0,1,47.95
O-2301,P-4,167,158,302,311,0,5,82.59
O-2302,P-1,141,121,295,315,0,9,79.27
O-2303,P-2,190,180,101,111,1,2,77.36
O-2304,P-2,196,196,253,253,0,7,34.3
O-2305,P-3,200,186,369,383,0,8,38.71
O-2306,P-1,185,174,357,368,0,0,64.83
O-2307,P-2,186,173,187,200,0,10,65.65
O-2308,P-4,63,50,428,441,0,8,57.81
O-2309,P-2,63,58,357,362,0,6,74.94
O-2310,P-3,154,139,118,133,1,1,78.0
O-2311,P-2,59,58,263,264,0,3,41.45
O-2312,P-3,186,177,207,216,0,3,71.71
O-2313,P-3,122,112,164,174,0,3,49.4
O-2314,P-3,63,45,282,300,0,3,60.78
O-2315,P-2,148,136,289,301,0,5,79.66
O-2316,P-4,144,137,227,234,0,6,87.08
O-2317,P-3,197,180,273,290,0,3,89.2
O-2318,P-4,157,151,481,487,0,10,43.81
O-2319,P-3,187,183,251,255,0,9,78.88
O-2320,P-1,100,86,145,159,0,0,43.53
O-2321,P-2,173,156,464,481,0,0,47.88
O-2322,P-2,121,117,483,487,0,9,75.66
O-2323,P-3,196,188,358,366,0,10,56.88
O-2324,P-4,105,95,212,222,0,9,55.33
O-2325,P-2,107,100,239,246,0,4,57.25
O-2326,P-4,161,146,407,422,0,3,89.07
O-2327,P-1,91,90,177,178,0,8,90.18
O-2328,P-4,134,125,383,392,0,4,43.62
O-2329,P-2,75,69,378,384,0,6,61.24
O-2330,P-1,168,168,182,182,0,8,37.75
O-2331,P-4,175,163,250,262,0,6,81.26
O-2332,P-1,80,69,245,256,0,0,51.81
O-2333,P-3,136,131,265,270,0,2,88.07
O-2334,P-1,179,161,406,424,0,3,68.41
O-2335,P-3,97,83,426,440,0,1,38.66
O-2336,P-3,120,117,213,216,0,0,92.12
O-2337,P-4,155,142,377,390,0,9,82.27
O-2338,P-1,139,134,171,176,0,3,66.14
O-2339,P-3,126,125,100,101,1,4,66.03
O-2340,P-4,130,124,263,269,0,7,71.8
O-2341,P-2,188,188,137,137,1,0,48.7
O-2342,P-3,166,157,475,484,0,10,71.7
O-2343,P-2,79,75,149,153,0,3,89.65
O-2344,P-2,55,38,488,505,0,4,69.18
O-2345,P-4,149,139,315,325,0,7,47.77
O-2346,P-4,126,108,382,400,0,0,31.33
O-2347,P-3,177,172,265,270,0,0,45.63
O-2348,P-2,128,125,468,471,0,5,55.89
O-2349,P-1,146,146,183,183,0,4,45.55
O-2350,P-2,187,183,368,372,0,6,89.26
O-2351,P-2,90,71,171,190,0,2,60.16
O-2352,P-2,151,144,164,171,0,5,37.87
O-2353,P-2,199,198,154,155,1,9,70.23
O-2354,P-4,97,87,292,302,0,10,78.1
O-2355,P-3,105,101,480,484,0,3,60.47
O-2356,P-1,125,114,200,211,0,10,73.56
O-2357,P-4,67,63,113,117,0,9,72.12
O-2358,P-4,172,152,380,400,0,10,70.9
O-2359,P-4,89,87,170,172,0,6,53.9
O-2360,P-2,112,98,272,286,0,3,75.7
O-2361,P-1,172,155,465,482,0,4,43.11
O-2362,P-4,57,45,280,292,0,2,41.96
O-2363,P-4,113,98,287,302,0,10,55.08
O-2364,P-4,123,112,161,172,0,0,50.47
O-2365,P-4,157,153,484,488,0,7,41.66
O-2366,P-2,161,150,102,113,1,2,62.07
O-2367,P-1,56,50,217,223,0,10,59.43
O-2368,P-2,151,136,304,319,0,7,70.96
O-2369,P-2,182,173,357,366,0,4,80.26
O-2370,P-2,153,138,470,485,0,10,85.37
O-2371,P-3,116,97,289,308,0,1,83.62
O-2372,P-1,184,168,395,411,0,10,71.47
O-2373,P-1,134,128,367,373,0,10,71.97
O-2374,P-4,153,137,262,278,0,6,84.65
O-2375,P-4,193,173,460,480,0,3,36.94
O-2376,P-4,183,177,439,445,0,3,86.54
O-2377,P-3,88,71,289,306,0,3,67.6
O-2378,P-2,135,118,122,139,0,1,47.4
O-2379,P-4,168,163,345,350,0,6,34.53
O-2380,P-3,189,175,197,211,0,0,76.93
O-2381,P-1,85,75,165,175,0,7,80.72
O-2382,P-1,124,109,210,225,0,10,61.42
O-2383,P-4,161,150,495,506,0,6,32.64
O-2384,P-4,122,118,445,449,0,6,59.83
O-2385,P-2,122,107,443,458,0,3,51.75
O-2386,P-1,157,157,115,115,1,8,66.43
O-2387,P-2,102,91,351,362,0,1,67.08
O-2388,P-4,89,89,206,206,0,1,83.12
O-2389,P-4,92,77,442,457,0,2,32.23
O-2390,P-2,136,128,206,214,0,2,72.36
O-2391,P-1,59,41,126,144,0,8,58.82
O-2392,P-1,96,77,449,468,0,0,47.06
O-2393,P-2,85,81,445,449,0,10,93.97
O-2394,P-3,190,184,445,451,0,3,43.18
O-2395,P-4,154,143,431,442,0,0,61.58
O-2396,P-4,184,173,112,123,1,1,80.85
O-2397,P-2,181,181,391,391,0,3,55.69
O-2398,P-3,132,122,418,428,0,7,50.98
O-2399,P-4,124,121,495,498,0,7,65.84
O-2400,P-2,128,112,319,335,0,0,30.28
O-2401,P-2,54,50,401,405,0,3,87.02
O-2402,P-3,138,134,192,196,0,2,43.7
O-2403,P-1,94,82,433,445,0,6,67.32
O-2404,P-3,144,131,447,460,0,7,65.28
O-2405,P-4,190,173,439,456,0,6,86.72
O-2406,P-2,150,141,365,374,0,5,73.09
O-2407,P-4,193,187,436,442,0,10,93.4
O-2408,P-4,94,77,237,254,0,6,30.53
O-2409,P-4,175,171,402,406,0,5,93.02
O-2410,P-1,51,42,275,284,0,0,36.12
O-2411,P-2,134,128,140,146,0,1,52.92
O-2412,P-1,96,85,156,167,0,0,64.35
O-2413,P-3,70,55,440,455,0,4,74.48
O-2414,P-4,114,102,148,160,0,2,83.98
O-2415,P-3,163,151,181,193,0,0,45.21
O-2416,P-4,129,119,116,126,1,5,38.13
O-2417,P-4,73,64,432,441,0,2,83.03
O-2418,P-4,170,159,492,503,0,5,69.41
O-2419,P-1,126,119,323,330,0,9,35.5
O-2420,P-1,169,150,164,183,0,6,89.13
O-2421,P-2,89,84,150,155,0,9,88.49
O-2422,P-3,165,150,100,115,1,7,68.67
O-2423,P-1,83,63,293,313,0,8,32.22
O-2424,P-2,62,54,104,112,0,9,74.51
O-2425,P-4,69,62,381,388,0,10,33.15
O-2426,P-3,110,93,436,453,0,8,41.3
O-2427,P-2,72,52,459,479,0,7,60.28
O-2428,P-3,75,74,342,343,0,0,47.48
O-2429,P-3,199,197,418,420,0,4,90.76
O-2430,P-4,110,96,328,342,0,10,73.92
O-2431,P-4,147,133,378,392,0,3,62.14
O-2432,P-4,123,111,135,147,0,4,41.43
O-2433,P-4,126,121,420,425,0,10,63.24
O-2434,P-1,194,182,403,415,0,8,44.07
O-2435,P-2,70,59,395,406,0,2,75.95
O-2436,P-1,62,50,480,492,0,10,59.36
O-2437,P-2,199,187,433,445,0,0,59.13
O-2438,P-3,121,104,309,326,0,5,36.17
O-2439,P-1,74,69,405,410,0,7,41.57
O-2440,P-4,184,166,431,449,0,9,93.57
O-2441,P-2,93,90,299,302,0,3,37.83
O-2442,P-2,112,97,444,459,0,2,54.15
O-2443,P-3,105,86,423,442,0,2,87.98
O-2444,P-1,95,92,460,463,0,2,32.43
O-2445,P-4,105,104,408,409,0,3,63.89
O-2446,P-3,95,92,335,338,0,7,91.47
O-2447,P-1,172,168,161,165,1,7,93.35
O-2448,P-2,112,107,475,480,0,3,30.94
O-2449,P-1,144,144,457,457,0,9,75.6
O-2450,P-1,99,80,376,395,0,9,60.38
O-2451,P-3,68,68,429,429,0,3,47.37
O-2452,P-2,109,102,375,382,0,6,34.25
O-2453,P-2,98,90,309,317,0,3,65.02
O-2454,P-2,59,43,322,338,0,5,46.19
O-2455,P-2,138,133,488,493,0,8,87.14
O-2456,P-4,170,158,268,280,0,0,65.71
O-2457,P-2,152,140,364,376,0,6,69.73
O-2458,P-3,116,97,325,344,0,1,43.97
O-2459,P-3,188,172,316,332,0,0,73.04
O-2460,P-3,121,111,488,498,0,0,56.55
O-2461,P-2,187,169,185,203,0,5,92.33
O-2462,P-2,68,48,310,330,0,3,79.32
O-2463,P-4,70,66,324,328,0,8,35.46
O-2464,P-2,105,93,267,279,0,6,78.58
O-2465,P-2,109,106,375,378,0,1,54.1
O-2466,P-4,159,154,445,450,0,6,91.31
O-2467,P-4,178,168,170,180,0,9,59.88
O-2468,P-3,55,40,315,330,0,7,58.93
O-2469,P-2,58,38,467,487,0,0,81.76
O-2470,P-3,135,115,436,456,0,6,41.72
O-2471,P-2,196,194,135,137,1,0,68.02
O-2472,P-3,76,66,357,367,0,3,47.98
O-2473,P-4,121,107,475,489,0,9,85.8
O-2474,P-4,67,59,467,475,0,2,30.23
O-2475,P-2,89,87,229,231,0,0,35.74
O-2476,P-4,114,100,475,489,0,8,49.45
O-2477,P-3,92,85,500,507,0,8,94.49
O-2478,P-4,69,53,445,461,0,3,54.3
O-2479,P-3,133,123,418,428,0,9,74.03
O-2480,P-1,187,181,149,155,1,9,92.05
O-2481,P-1,94,85,180,189,0,1,78.4
O-2482,P-2,72,63,470,479,0,6,51.6
O-2483,P-3,52,38,325,339,0,8,70.08
O-2484,P-4,80,63,479,496,0,2,91.02
O-2485,P-3,147,127,294,314,0,9,78.99
O-2486,P-2,88,86,424,426,0,7,80.84
O-2487,P-4,85,65,424,444,0,10,38.62
O-2488,P-4,115,109,384,390,0,7,52.73
O-2489,P-3,152,152,294,294,0,0,90.79
O-2490,P-2,137,136,467,468,0,9,71.25
O-2491,P-3,181,164,351,368,0,8,54.76
O-2492,P-4,72,69,472,475,0,3,48.16
O-2493,P-3,115,99,400,416,0,5,91.8
O-2494,P-3,193,186,401,408,0,5,56.57
O-2495,P-2,153,133,370,390,0,6,72.95
O-2496,P-2,145,139,121,127,1,6,77.29
O-2497,P-4,118,110,394,402,0,5,35.16
O-2498,P-3,120,118,451,453,0,1,55.08
O-2499,P-2,154,143,262,273,0,1,58.33
O-2500,P-1,97,96,156,157,0,6,35.58
O-2501,P-3,92,77,295,310,0,6,63.79
O-2502,P-3,51,49,270,272,0,3,87.27
O-2503,P-4,150,149,414,415,0,6,83.61
O-2504,P-4,126,107,393,412,0,1,83.37
O-2505,P-3,132,112,436,456,0,3,73.78
O-2506,P-4,144,132,344,356,0,10,55.7
O-2507,P-4,67,63,393,397,0,10,81.58
O-2508,P-2,196,181,239,254,0,7,80.71
O-2509,P-1,187,172,436,451,0,7,82.05
O-2510,P-2,142,124,337,355,0,7,37.14
O-2511,P-3,187,172,168,183,1,2,62.53
O-2512,P-4,145,131,209,223,0,9,85.95
O-2513,P-3,178,175,434,437,0,6,88.37
O-2514,P-3,114,102,403,415,0,7,93.64
O-2515,P-4,122,111,465,476,0,6,42.41
O-2516,P-4,59,47,335,347,0,9,61.78
O-2517,P-4,110,93,494,511,0,9,46.25
O-2518,P-2,84,67,375,392,0,3,44.98
O-2519,P-3,176,156,258,278,0,9,73.7
O-2520,P-2,52,51,333,334,0,10,80.32
O-2521,P-4,117,115,172,174,0,8,67.91
O-2522,P-1,71,68,399,402,0,7,82.65
O-2523,P-3,131,123,246,254,0,1,74.69
O-2524,P-3,188,185,453,456,0,9,76.95
O-2525,P-3,183,176,201,208,0,3,88.46
O-2526,P-1,151,142,339,348,0,7,72.99
O-2527,P-4,66,46,313,333,0,2,48.33
O-2528,P-4,91,79,252,264,0,10,57.91
O-2529,P-3,195,194,389,390,0,7,38.49
O-2530,P-1,198,186,337,349,0,0,92.45
O-2531,P-2,56,39,462,479,0,8,63.44
O-2532,P-2,111,101,143,153,0,7,54.53
O-2533,P-2,98,96,392,394,0,5,30.78
O-2534,P-2,165,164,393,394,0,4,90.64
O-2535,P-4,193,185,159,167,1,8,86.27
O-2536,P-4,170,163,122,129,1,3,81.43
O-2537,P-4,162,156,159,165,0,8,85.67
O-2538,P-3,77,76,347,348,0,9,59.22
O-2539,P-3,103,94,359,368,0,5,67.7
O-2540,P-3,154,137,343,360,0,0,87.87
O-2541,P-4,200,195,481,486,0,7,58.46
O-2542,P-2,188,168,185,205,0,4,74.49
O-2543,P-2,57,45,389,401,0,4,30.15
O-2544,P-3,112,97,466,481,0,0,47.22
O-2545,P-3,129,125,371,375,0,0,56.66
O-2546,P-3,108,90,166,184,0,2,89.61
O-2547,P-1,90,74,354,370,0,3,40.24
O-2548,P-3,110,104,489,495,0,2,31.26
O-2549,P-1,50,48,470,472,0,7,47.65
O-2550,P-4,169,159,432,442,0,0,56.37
O-2551,P-4,124,107,196,213,0,3,62.07
O-2552,P-2,84,72,348,360,0,1,36.48
O-2553,P-4,173,169,114,118,1,9,38.5
O-2554,P-1,100,85,399,414,0,5,36.7
O-2555,P-3,169,159,335,345,0,4,92.61
O-2556,P-2,189,182,454,461,0,1,91.91
O-2557,P-4,100,80,275,295,0,4,40.71
O-2558,P-4,196,195,490,491,0,3,38.15
O-2559,P-4,108,93,312,327,0,2,75.14
O-2560,P-2,71,63,422,430,0,0,39.64
O-2561,P-2,157,139,106,124,1,0,38.18
O-2562,P-2,132,113,313,332,0,10,81.82
O-2563,P-1,153,143,105,115,1,0,66.58
O-2564,P-1,133,123,233,243,0,10,48.47
O-2565,P-2,196,189,418,425,0,3,56.02
O-2566,P-1,166,160,227,233,0,8,90.73
O-2567,P-2,75,70,178,183,0,4,31.41
O-2568,P-3,82,75,167,174,0,5,35.84
O-2569,P-3,126,116,301,311,0,4,40.16
O-2570,P-3,138,138,278,278,0,3,46.51
O-2571,P-1,109,104,363,368,0,10,56.62
O-2572,P-1,50,36,323,337,0,1,33.56
O-2573,P-4,179,178,481,482,0,9,89.57
O-2574,P-4,150,147,297,300,0,3,63.04
O-2575,P-3,192,175,488,505,0,2,32.23
O-2576,P-4,167,161,280,286,0,6,44.51
O-2577,P-1,122,103,380,399,0,3,46.91
O-2578,P-4,175,172,143,146,1,6,52.82
O-2579,P-3,54,53,168,169,0,5,79.3
O-2580,P-2,173,170,403,406,0,2,48.41
O-2581,P-4,132,132,436,436,0,0,32.04
O-2582,P-1,104,104,203,203,0,4,33.86
O-2583,P-1,121,118,324,327,0,9,47.65
O-2584,P-4,133,113,306,326,0,0,32.43
O-2585,P-2,182,164,477,495,0,0,63.58
O-2586,P-2,82,67,369,384,0,8,69.92
O-2587,P-4,87,82,232,237,0,8,84.37
O-2588,P-2,78,61,116,133,0,2,82.79
O-2589,P-3,73,57,390,406,0,1,82.28
O-2590,P-2,117,115,243,245,0,1,37.21
O-2591,P-1,200,200,258,258,0,4,56.91
O-2592,P-3,140,128,239,251,0,5,39.91
O-2593,P-3,165,157,232,240,0,9,91.27
O-2594,P-2,148,148,214,214,0,2,91.12
O-2595,P-1,135,126,308,317,0,1,32.43
O-2596,P-3,199,183,402,418,0,4,60.37
O-2597,P-2,106,86,346,366,0,5,82.58
O-2598,P-1,56,51,147,152,0,4,93.16
O-2599,P-3,137,126,182,193,0,3,74.18
O-2600,P-2,104,92,467,479,0,1,59.66
O-2601,P-1,193,182,369,380,0,6,45.83
O-2602,P-2,81,66,411,426,0,6,53.74
O-2603,P-1,150,132,385,403,0,9,55.55
O-2604,P-4,110,102,438,446,0,2,94.06
O-2605,P-4,62,60,156,158,0,10,51.24
O-2606,P-1,50,49,444,445,0,8,42.56
O-2607,P-3,185,182,352,355,0,10,45.93
O-2608,P-4,84,80,110,114,0,6,93.96
O-2609,P-3,79,59,323,343,0,9,50.6
O-2610,P-1,196,189,437,444,0,2,64.69
O-2611,P-4,97,87,194,204,0,9,74.45
O-2612,P-3,61,48,231,244,0,0,62.48
O-2613,P-1,63,58,282,287,0,9,77.43
O-2614,P-4,180,171,137,146,1,8,50.77
O-2615,P-4,87,79,468,476,0,7,61.17
O-2616,P-2,160,157,152,155,1,2,40.42
O-2617,P-2,114,94,386,406,0,2,89.09
O-2618,P-2,159,148,490,501,0,4,30.17
O-2619,P-2,161,156,350,355,0,9,43.61
O-2620,P-4,143,141,116,118,1,8,79.96
O-2621,P-2,84,80,223,227,0,5,64.38
O-2622,P-1,196,192,386,390,0,0,76.12
O-2623,P-2,115,104,242,253,0,4,58.33
O-2624,P-3,74,59,308,323,0,4,41.05
O-2625,P-1,156,153,474,477,0,3,76.04
O-2626,P-3,166,146,327,347,0,10,47.62
O-2627,P-1,134,129,266,271,0,5,60.1
O-2628,P-2,141,124,359,376,0,0,65.33
O-2629,P-1,133,122,388,399,0,6,68.97
O-2630,P-1,86,72,228,242,0,5,55.29
O-2631,P-3,183,164,497,516,0,6,42.72
O-2632,P-4,121,109,154,166,0,1,67.2
O-2633,P-4,188,172,446,462,0,5,77.7
O-2634,P-4,52,32,102,122,0,7,70.01
O-2635,P-3,153,135,187,205,0,6,90.21
O-2636,P-3,181,175,412,418,0,8,69.39
O-2637,P-4,105,96,446,455,0,0,58.79
O-2638,P-1,149,131,180,198,0,2,62.57
O-2639,P-3,61,56,214,219,0,1,74.42
O-2640,P-4,63,57,171,177,0,2,34.86
O-2641,P-4,88,87,120,121,0,6,42.65
O-2642,P-3,73,53,175,195,0,7,51.12
O-2643,P-4,157,140,455,472,0,5,54.11
O-2644,P-3,187,168,444,463,0,4,38.9
O-2645,P-4,152,134,293,311,0,10,57.57
O-2646,P-1,59,46,429,442,0,7,74.08
O-2647,P-2,91,88,295,298,0,2,42.59
O-2648,P-2,56,41,143,158,0,2,33.62
O-2649,P-2,193,183,351,361,0,8,87.89
O-2650,P-2,197,180,127,144,1,4,53.77
O-2651,P-3,162,158,455,459,0,10,59.97
O-2652,P-4,119,106,262,275,0,7,33.44
O-2653,P-4,84,68,175,191,0,6,79.13
O-2654,P-3,151,134,363,380,0,0,84.56
O-2655,P-4,81,76,489,494,0,4,54.25
O-2656,P-3,50,47,341,344,0,0,88.4
O-2657,P-3,107,100,317,324,0,8,68.81
O-2658,P-4,50,49,446,447,0,7,77.9
O-2659,P-1,108,89,189,208,0,0,41.19
O-2660,P-4,165,156,230,239,0,2,74.08
O-2661,P-3,124,123,448,449,0,5,90.93
O-2662,P-2,51,35,263,279,0,5,59.76
O-2663,P-1,136,120,305,321,0,2,58.87
O-2664,P-3,77,74,159,162,0,1,63.68
O-2665,P-1,197,184,160,173,1,8,72.84
O-2666,P-2,84,84,271,271,0,5,63.61
O-2667,P-4,94,76,226,244,0,7,89.73
O-2668,P-4,119,108,173,184,0,9,86.18
O-2669,P-4,110,102,102,110,0,1,67.78
O-2670,P-2,114,102,227,239,0,8,84.62
O-2671,P-3,152,148,461,465,0,2,34.04
O-2672,P-4,58,54,461,465,0,2,33.44
O-2673,P-4,98,96,153,155,0,2,75.4
O-2674,P-4,181,169,292,304,0,3,84.17
O-2675,P-1,130,111,239,258,0,6,62.6
O-2676,P-2,92,73,376,395,0,8,77.68
O-2677,P-2,173,156,299,316,0,2,39.36
O-2678,P-4,70,70,308,308,0,2,47.29
O-2679,P-3,165,150,429,444,0,0,52.08
O-2680,P-3,164,164,259,259,0,2,77.24
O-2681,P-2,59,50,153,162,0,1,64.93
O-2682,P-1,137,125,411,423,0,0,90.28
O-2683,P-3,140,123,338,355,0,7,57.51
O-2684,P-2,56,36,384,404,0,9,38.37
O-2685,P-1,189,182,226,233,0,5,87.69
O-2686,P-1,83,63,435,455,0,7,59.95
O-2687,P-3,137,118,391,410,0,5,51.07
O-2688,P-2,138,133,453,458,0,5,90.65
O-2689,P-4,145,130,251,266,0,4,43.29
O-2690,P-2,142,135,188,195,0,1,48.49
O-2691,P-3,72,55,119,136,0,5,67.16
O-2692,P-1,154,154,144,144,1,8,80.81
O-2693,P-2,160,155,336,341,0,6,62.08
O-2694,P-3,60,58,248,250,0,9,40.58
O-2695,P-1,197,179,118,136,1,8,42.49
O-2696,P-4,67,52,143,158,0,0,88.62
O-2697,P-1,55,48,239,246,0,4,92.28
O-2698,P-1,167,163,215,219,0,1,43.58
O-2699,P-4,162,162,196,196,0,9,43.38
O-2700,P-4,151,139,451,463,0,9,46.11
O-2701,P-4,66,58,435,443,0,0,41.87
O-2702,P-3,112,98,271,285,0,9,62.04
O-2703,P-2,197,184,500,513,0,0,40.73
O-2704,P-2,99,95,223,227,0,8,45.3
O-2705,P-3,150,143,351,358,0,1,36.87
O-2706,P-3,181,178,156,159,1,4,41.59
O-2707,P-1,57,51,292,298,0,1,78.64
O-2708,P-3,179,171,498,506,0,3,47.35
O-2709,P-1,57,57,218,218,0,0,92.09
O-2710,P-2,163,157,299,305,0,8,86.86
O-2711,P-3,58,41,158,175,0,1,81.4
O-2712,P-1,174,156,269,287,0,10,38.07
O-2713,P-2,171,160,322,333,0,2,30.5
O-2714,P-1,131,113,194,212,0,3,76.25
O-2715,P-2,169,152,152,169,0,2,51.96
O-2716,P-4,94,74,461,481,0,10,52.79
O-2717,P-2,192,189,437,440,0,3,51.17
O-2718,P-3,169,168,445,446,0,8,76.9
O-2719,P-1,70,67,398,401,0,8,59.74
O-2720,P-3,173,164,386,395,0,10,33.67
O-2721,P-1,192,192,381,381,0,2,67.16
O-2722,P-1,196,176,284,304,0,7,79.27
O-2723,P-2,174,158,497,513,0,0,75.83
O-2724,P-4,161,146,469,484,0,4,90.7
O-2725,P-2,151,140,446,457,0,4,59.04
O-2726,P-3,161,156,303,308,0,9,84.94
O-2727,P-4,58,44,485,499,0,4,44.76
O-2728,P-1,192,186,346,352,0,10,81.91
O-2729,P-2,186,175,456,467,0,6,88.19
O-2730,P-2,170,169,103,104,1,8,43.5
O-2731,P-1,187,171,207,223,0,8,79.79
O-2732,P-1,145,142,344,347,0,6,88.09
O-2733,P-4,106,92,417,431,0,10,51.01
O-2734,P-2,192,186,425,431,0,9,69.88
O-2735,P-4,198,185,276,289,0,5,77.29
O-2736,P-2,126,111,313,328,0,7,67.51
O-2737,P-4,170,158,186,198,0,2,79.36
O-2738,P-2,123,123,202,202,0,8,78.37
O-2739,P-4,73,73,439,439,0,2,54.71
O-2740,P-4,122,106,331,347,0,4,34.25
O-2741,P-4,163,157,481,487,0,2,79.1
O-2742,P-2,55,36,201,220,0,7,90.95
O-2743,P-3,115,100,209,224,0,3,87.34
O-2744,P-3,127,113,326,340,0,1,47.77
O-2745,P-3,64,60,222,226,0,0,82.14
O-2746,P-2,76,65,299,310,0,0,34.13
O-2747,P-1,65,59,344,350,0,6,57.97
O-2748,P-1,153,143,279,289,0,8,76.21
O-2749,P-1,189,176,465,478,0,10,44.52
O-2750,P-3,57,55,194,196,0,4,36.15
O-2751,P-1,145,144,282,283,0,5,78.08
O-2752,P-2,129,110,175,194,0,9,78.83
O-2753,P-3,99,91,395,403,0,5,86.65
O-2754,P-3,89,75,230,244,0,8,34.44
O-2755,P-2,73,68,156,161,0,1,71.81
O-2756,P-1,199,183,493,509,0,7,81.22
O-2757,P-2,77,59,490,508,0,6,53.36
O-2758,P-3,76,59,493,510,0,0,82.47
O-2759,P-1,121,103,280,298,0,0,74.21
O-2760,P-3,189,178,392,403,0,10,69.55
O-2761,P-3,163,150,191,204,0,5,70.76
O-2762,P-3,123,108,171,186,0,8,94.3
O-2763,P-4,149,145,493,497,0,8,42.33
O-2764,P-2,177,162,450,465,0,4,53.65
O-2765,P-4,149,148,100,101,1,8,87.11
O-2766,P-4,134,128,492,498,0,1,54.15
O-2767,P-4,81,81,409,409,0,1,67.61
O-2768,P-3,100,80,338,358,0,7,49.74
O-2769,P-2,182,180,357,359,0,1,82.26
O-2770,P-4,171,157,244,258,0,5,79.87
O-2771,P-3,133,130,134,137,0,7,51.52
O-2772,P-2,162,150,342,354,0,6,64.6
O-2773,P-4,105,93,384,396,0,5,80.51
O-2774,P-2,106,106,425,425,0,1,89.93
O-2775,P-3,172,169,162,165,1,10,83.21
O-2776,P-3,127,120,250,257,0,4,76.24
O-2777,P-3,89,74,410,425,0,4,89.69
O-2778,P-2,132,124,385,393,0,0,59.28
O-2779,P-1,106,94,297,309,0,6,30.24
O-2780,P-4,104,88,312,328,0,8,47.0
O-2781,P-4,142,122,400,420,0,6,32.38
O-2782,P-4,117,111,274,280,0,8,94.98
O-2783,P-1,110,96,385,399,0,10,31.23
O-2784,P-2,145,127,232,250,0,2,79.06
O-2785,P-1,183,168,343,358,0,7,66.33
O-2786,P-1,192,192,380,380,0,10,81.13
O-2787,P-2,69,67,214,216,0,9,92.86
O-2788,P-3,53,51,101,103,0,8,90.69
O-2789,P-3,185,185,295,295,0,7,45.03
O-2790,P-4,94,93,286,287,0,8,58.52
O-2791,P-2,169,169,160,160,1,1,70.21
O-2792,P-4,190,177,486,499,0,1,60.83
O-2793,P-3,147,141,176,182,0,7,87.53
O-2794,P-3,139,128,421,432,0,3,86.13
O-2795,P-1,184,165,303,322,0,5,46.82
O-2796,P-1,186,175,306,317,0,9,37.86
O-2797,P-4,120,118,280,282,0,0,82.7
O-2798,P-3,198,185,205,218,0,3,60.37
O-2799,P-4,171,163,157,165,1,5,76.07
O-2800,P-3,133,130,300,303,0,4,60.0
O-2801,P-4,145,137,461,469,0,7,31.49
O-2802,P-3,173,171,425,427,0,8,68.98
O-2803,P-2,200,184,252,268,0,10,46.15
O-2804,P-4,143,140,115,118,1,6,92.77
O-2805,P-2,168,162,321,327,0,5,30.47
O-2806,P-3,179,172,439,446,0,6,91.63
O-2807,P-4,58,44,420,434,0,5,83.62
O-2808,P-2,152,140,200,212,0,3,53.28
O-2809,P-4,65,60,449,454,0,7,39.49
O-2810,P-3,85,84,488,489,0,6,33.61
O-2811,P-1,174,155,328,347,0,3,76.58
O-2812,P-3,161,153,167,175,0,9,42.0
O-2813,P-3,81,63,316,334,0,9,62.62
O-2814,P-4,57,41,392,408,0,2,76.27
O-2815,P-1,103,92,270,281,0,8,63.01
O-2816,P-2,96,85,245,256,0,1,39.65
O-2817,P-3,122,105,258,275,0,9,47.23
O-2818,P-1,200,193,275,282,0,0,58.01
O-2819,P-3,66,57,288,297,0,1,62.27
O-2820,P-1,136,125,322,333,0,2,92.16
O-2821,P-2,198,196,115,117,1,8,35.16
O-2822,P-1,192,180,123,135,1,9,73.43
O-2823,P-4,102,97,122,127,0,2,69.72
O-2824,P-2,110,93,386,403,0,10,94.63
O-2825,P-1,119,115,478,482,0,0,75.46
O-2826,P-2,115,101,431,445,0,8,68.95
O-2827,P-4,119,100,390,409,0,2,73.14
O-2828,P-3,161,149,259,271,0,10,30.67
O-2829,P-2,187,182,171,176,1,9,80.19
O-2830,P-2,192,184,127,135,1,6,56.89
O-2831,P-3,152,132,441,461,0,5,66.51
O-2832,P-1,117,111,312,318,0,3,56.72
O-2833,P-3,180,167,326,339,0,4,38.92
O-2834,P-2,110,103,262,269,0,8,70.68
O-2835,P-2,62,54,165,173,0,3,32.64
O-2836,P-1,125,107,492,510,0,6,38.63
O-2837,P-1,99,98,259,260,0,0,88.3
O-2838,P-3,166,157,273,282,0,3,94.89
O-2839,P-2,95,82,317,330,0,6,41.41
O-2840,P-2,133,123,273,283,0,2,88.13
O-2841,P-2,161,144,349,366,0,0,92.2
O-2842,P-1,98,80,217,235,0,3,48.32
O-2843,P-3,185,178,116,123,1,2,47.23
O-2844,P-3,179,178,498,499,0,5,42.37
O-2845,P-4,127,121,338,344,0,0,80.12
O-2846,P-3,119,105,131,145,0,1,75.5
O-2847,P-2,145,144,281,282,0,9,45.39
O-2848,P-2,113,93,137,157,0,7,54.43
O-2849,P-4,101,90,339,350,0,0,94.38
O-2850,P-3,96,82,156,170,0,9,79.41
O-2851,P-4,67,49,242,260,0,9,33.18
O-2852,P-2,184,170,338,352,0,7,35.5
O-2853,P-4,175,161,203,217,0,10,81.88
O-2854,P-1,195,181,244,258,0,8,33.17
O-2855,P-3,83,80,350,353,0,7,48.34
O-2856,P-4,170,167,190,193,0,5,69.76
O-2857,P-1,72,54,315,333,0,9,45.53
O-2858,P-1,83,67,477,493,0,7,84.8
O-2859,P-2,97,80,180,197,0,6,53.95
O-2860,P-4,135,135,225,225,0,9,82.72
O-2861,P-4,82,73,208,217,0,4,46.1
O-2862,P-1,181,180,475,476,0,3,52.9
O-2863,P-4,187,177,266,276,0,0,89.98
O-2864,P-3,116,97,198,217,0,5,92.25
O-2865,P-1,103,87,257,273,0,8,51.12
O-2866,P-4,123,118,296,301,0,2,48.45
O-2867,P-2,51,36,142,157,0,7,55.02
O-2868,P-1,69,68,326,327,0,9,42.34
O-2869,P-2,152,150,296,298,0,8,73.19
O-2870,P-1,182,172,405,415,0,1,87.15
O-2871,P-1,95,90,143,148,0,9,36.67
O-2872,P-3,142,130,395,407,0,9,40.95
O-2873,P-3,63,44,359,378,0,10,93.68
O-2874,P-4,81,74,438,445,0,6,91.86
O-2875,P-4,65,49,261,277,0,2,83.87
O-2876,P-2,114,102,189,201,0,6,94.94
O-2877,P-2,164,149,297,312,0,0,77.56
O-2878,P-4,136,131,249,254,0,0,75.43
O-2879,P-3,124,122,323,325,0,10,61.55
O-2880,P-4,92,78,381,395,0,10,93.95
O-2881,P-1,70,57,449,462,0,9,72.3
O-2882,P-3,192,175,496,513,0,4,69.61
O-2883,P-4,133,115,283,301,0,1,78.09
O-2884,P-3,58,48,413,423,0,1,56.88
O-2885,P-3,159,152,305,312,0,5,51.79
O-2886,P-1,174,158,338,354,0,0,83.69
O-2887,P-2,163,153,171,181,0,1,50.62
O-2888,P-4,54,37,357,374,0,6,58.08
O-2889,P-3,145,143,446,448,0,0,62.55
O-2890,P-3,66,53,424,437,0,8,71.1
O-2891,P-2,176,168,209,217,0,3,32.82
O-2892,P-3,81,74,272,279,0,5,38.66
O-2893,P-4,69,53,491,507,0,9,88.9
O-2894,P-4,104,85,374,393,0,1,71.81
O-2895,P-2,154,138,143,159,0,10,44.52
O-2896,P-1,131,115,269,285,0,9,65.06
O-2897,P-3,194,184,228,238,0,0,50.41
O-2898,P-4,121,116,128,133,0,10,72.18
O-2899,P-3,184,167,400,417,0,2,81.94
O-2900,P-1,81,76,251,256,0,6,61.97
O-2901,P-1,119,115,321,325,0,2,91.57
O-2902,P-4,53,46,224,231,0,2,75.04
O-2903,P-3,65,59,427,433,0,0,36.57
O-2904,P-4,76,70,130,136,0,1,48.75
O-2905,P-2,70,55,129,144,0,0,79.33
O-2906,P-3,73,53,443,463,0,2,51.88
O-2907,P-1,199,193,127,133,1,0,93.56
O-2908,P-3,158,155,163,166,0,6,70.38
O-2909,P-3,131,114,178,195,0,6,70.62
O-2910,P-1,108,97,361,372,0,0,77.89
O-2911,P-3,199,179,330,350,0,3,83.46
O-2912,P-2,120,102,299,317,0,4,57.76
O-2913,P-1,167,156,286,297,0,3,81.04
O-2914,P-3,169,164,284,289,0,4,69.2
O-2915,P-1,86,74,169,181,0,5,49.28
O-2916,P-1,180,164,232,248,0,4,67.26
O-2917,P-2,140,121,281,300,0,7,77.13
O-2918,P-1,121,121,182,182,0,3,73.27
O-2919,P-2,149,139,439,449,0,5,54.56
O-2920,P-1,136,118,282,300,0,2,90.53
O-2921,P-4,108,88,333,353,0,3,63.8
O-2922,P-2,92,90,231,233,0,3,75.3
O-2923,P-4,96,96,386,386,0,9,59.46
O-2924,P-1,171,165,240,246,0,1,33.36
O-2925,P-2,94,94,387,387,0,10,40.18
O-2926,P-1,133,114,499,518,0,9,37.47
O-2927,P-3,122,120,338,340,0,5,77.73
O-2928,P-1,133,123,449,459,0,8,67.38
O-2929,P-1,150,146,328,332,0,2,36.78
O-2930,P-1,152,148,154,158,0,7,42.57
O-2931,P-3,193,180,388,401,0,8,59.02
O-2932,P-1,164,145,220,239,0,10,88.03
O-2933,P-2,183,179,232,236,0,3,47.58
O-2934,P-1,145,133,396,408,0,2,84.19
O-2935,P-2,97,95,179,181,0,3,52.19
O-2936,P-3,51,33,376,394,0,0,82.73
O-2937,P-2,98,94,401,405,0,8,64.85
O-2938,P-4,121,114,226,233,0,7,77.66
O-2939,P-1,167,154,195,208,0,1,76.01
O-2940,P-3,177,168,134,143,1,4,87.35
O-2941,P-1,106,88,399,417,0,8,66.61
O-2942,P-1,166,151,136,151,1,5,91.79
O-2943,P-4,129,118,325,336,0,10,83.25
O-2944,P-4,52,36,443,459,0,5,50.21
O-2945,P-3,86,72,284,298,0,4,30.32
O-2946,P-1,120,119,131,132,0,6,56.97
O-2947,P-4,98,80,222,240,0,3,37.05
O-2948,P-1,84,75,282,291,0,2,34.86
O-2949,P-2,196,179,202,219,0,10,35.78
O-2950,P-2,197,186,463,474,0,8,72.47
O-2951,P-2,128,108,340,360,0,6,55.57
O-2952,P-3,62,60,102,104,0,2,69.44
O-2953,P-1,143,123,138,158,0,9,77.52
O-2954,P-4,154,148,423,429,0,3,52.93
O-2955,P-2,63,43,353,373,0,5,47.79
O-2956,P-2,104,97,194,201,0,8,47.22
O-2957,P-1,134,127,166,173,0,7,53.05
O-2958,P-3,77,68,339,348,0,1,36.87
O-2959,P-2,75,69,230,236,0,3,58.38
O-2960,P-4,61,54,330,337,0,1,58.7
O-2961,P-2,97,92,117,122,0,6,32.98
O-2962,P-3,194,181,401,414,0,1,79.41
O-2963,P-1,179,165,379,393,0,5,69.1
O-2964,P-2,85,75,363,373,0,6,87.51
O-2965,P-3,120,107,426,439,0,3,83.3
O-2966,P-3,102,92,487,497,0,1,77.39
O-2967,P-4,108,101,329,336,0,5,55.69
O-2968,P-3,136,125,345,356,0,9,42.87
O-2969,P-2,104,103,194,195,0,9,35.04
O-2970,P-4,98,79,178,197,0,2,76.56
O-2971,P-3,169,152,208,225,0,10,56.19
O-2972,P-1,106,93,450,463,0,0,56.55
O-2973,P-2,146,134,389,401,0,2,77.74
O-2974,P-2,119,105,190,204,0,3,46.34
O-2975,P-4,181,169,186,198,0,8,78.5
O-2976,P-4,132,119,144,157,0,3,85.26
O-2977,P-2,84,64,204,224,0,7,69.64
O-2978,P-1,57,57,421,421,0,2,44.06
O-2979,P-2,96,89,162,169,0,8,32.27
O-2980,P-1,53,53,457,457,0,0,71.53
O-2981,P-1,180,165,158,173,1,5,76.72
O-2982,P-3,97,96,230,231,0,0,77.63
O-2983,P-1,145,126,463,482,0,3,65.51
O-2984,P-2,78,75,323,326,0,7,40.77
O-2985,P-2,160,146,479,493,0,8,30.46
O-2986,P-3,93,88,120,125,0,9,74.58
O-2987,P-3,69,68,440,441,0,5,50.78
O-2988,P-3,161,147,412,426,0,7,77.2
O-2989,P-1,71,56,183,198,0,7,93.82
O-2990,P-2,90,88,198,200,0,4,85.24
O-2991,P-1,170,150,465,485,0,4,76.74
O-2992,P-4,72,67,230,235,0,0,49.35
O-2993,P-1,162,149,136,149,1,9,66.69
O-2994,P-1,173,159,488,502,0,0,66.08
O-2995,P-3,88,87,416,417,0,5,64.07
O-2996,P-4,170,150,108,128,1,2,83.01
O-2997,P-2,166,159,399,406,0,8,55.54
O-2998,P-3,171,164,270,277,0,3,88.17
O-2999,P-4,84,82,291,293,0,6,74.79
